train_loss,epoch,step,val_loss,MCC,AUPR
0.2957399785518646,0,49,,,
0.14065204560756683,0,99,,,
0.10139505565166473,0,149,,,
0.13035014271736145,0,199,,,
0.23517774045467377,0,249,,,
0.16386836767196655,0,299,,,
0.19736811518669128,1,349,,,
0.1446552872657776,1,399,,,
0.5706896781921387,1,449,,,
0.15845893323421478,1,499,,,
0.08225882798433304,1,549,,,
0.09076417237520218,1,599,,,
0.09181617945432663,2,649,,,
0.07699429243803024,2,699,,,
0.14929042756557465,2,749,,,
0.1150149405002594,2,799,,,
0.19051866233348846,2,849,,,
0.2572055160999298,2,899,,,
0.06587652862071991,3,949,,,
0.16886261105537415,3,999,,,
0.06517747044563293,3,1049,,,
0.10843365639448166,3,1099,,,
0.019834360107779503,3,1149,,,
0.21288932859897614,3,1199,,,
0.0318024568259716,4,1249,,,
0.023037139326334,4,1299,,,
0.03547554463148117,4,1349,,,
0.09271600842475891,4,1399,,,
0.04434628412127495,4,1449,,,
0.09096412360668182,4,1499,,,
0.041084736585617065,5,1549,,,
0.07347892224788666,5,1599,,,
0.08400857448577881,5,1649,,,
0.15041744709014893,5,1699,,,
0.06094363331794739,5,1749,,,
0.02878670208156109,5,1799,,,
0.03426188975572586,6,1849,,,
0.1060374453663826,6,1899,,,
0.013346139341592789,6,1949,,,
0.10451044142246246,6,1999,,,
0.13682104647159576,6,2049,,,
0.03165573626756668,6,2099,,,
0.2515161335468292,6,2149,,,
0.05658784136176109,7,2199,,,
0.13520312309265137,7,2249,,,
0.06126745790243149,7,2299,,,
0.030231373384594917,7,2349,,,
0.11297488212585449,7,2399,,,
0.04900498688220978,7,2449,,,
0.03012780100107193,8,2499,,,
0.06048016995191574,8,2549,,,
0.05264720320701599,8,2599,,,
0.06818800419569016,8,2649,,,
0.04698114097118378,8,2699,,,
0.04187165945768356,8,2749,,,
0.014424390159547329,9,2799,,,
0.05255052447319031,9,2849,,,
0.06712441146373749,9,2899,,,
0.023981895297765732,9,2949,,,
0.12611256539821625,9,2999,,,
0.03806951269507408,9,3049,,,
,9,3065,0.03164532780647278,0.4163725391245163,0.4983112068198292
0.016132444143295288,10,3099,,,
0.03366218879818916,10,3149,,,
0.04716285318136215,10,3199,,,
0.07648105174303055,10,3249,,,
0.04032651335000992,10,3299,,,
0.018055938184261322,10,3349,,,
0.008453967981040478,11,3399,,,
0.053521908819675446,11,3449,,,
0.07140457630157471,11,3499,,,
0.022116392850875854,11,3549,,,
0.0854952484369278,11,3599,,,
0.07178278267383575,11,3649,,,
0.03304233029484749,12,3699,,,
0.034506648778915405,12,3749,,,
0.015920359641313553,12,3799,,,
0.05693653225898743,12,3849,,,
0.03211114928126335,12,3899,,,
0.01623888686299324,12,3949,,,
0.03567122295498848,13,3999,,,
0.08317497372627258,13,4049,,,
0.040301624685525894,13,4099,,,
0.020297501236200333,13,4149,,,
0.024803554639220238,13,4199,,,
0.08044697344303131,13,4249,,,
0.0414934866130352,14,4299,,,
0.018381386995315552,14,4349,,,
0.06370837241411209,14,4399,,,
0.042935967445373535,14,4449,,,
0.03675004839897156,14,4499,,,
0.022038910537958145,14,4549,,,
0.09134532511234283,14,4599,,,
0.008938558399677277,15,4649,,,
0.05392763018608093,15,4699,,,
0.07845475524663925,15,4749,,,
0.03791016712784767,15,4799,,,
0.038468487560749054,15,4849,,,
0.006538156885653734,15,4899,,,
0.028784357011318207,16,4949,,,
0.027375273406505585,16,4999,,,
0.07167325913906097,16,5049,,,
0.0263657383620739,16,5099,,,
0.04184573516249657,16,5149,,,
0.04468362405896187,16,5199,,,
0.01668252982199192,17,5249,,,
0.037038497626781464,17,5299,,,
0.03387013077735901,17,5349,,,
0.02765730395913124,17,5399,,,
0.030152752995491028,17,5449,,,
0.03959931433200836,17,5499,,,
0.018347259610891342,18,5549,,,
0.010378711856901646,18,5599,,,
0.02217988297343254,18,5649,,,
0.032684437930583954,18,5699,,,
0.04545964300632477,18,5749,,,
0.041118405759334564,18,5799,,,
0.021150514483451843,19,5849,,,
0.034910526126623154,19,5899,,,
0.05188298970460892,19,5949,,,
0.032452844083309174,19,5999,,,
0.024372486397624016,19,6049,,,
0.0404173880815506,19,6099,,,
,19,6148,0.03773871436715126,0.4004578316263839,0.50013783406067
0.024308286607265472,20,6149,,,
0.006593136116862297,20,6199,,,
0.0384085439145565,20,6249,,,
0.03024156205356121,20,6299,,,
0.03329892084002495,20,6349,,,
0.01816004514694214,20,6399,,,
0.0504661500453949,20,6449,,,
0.04141844063997269,21,6499,,,
0.013698089867830276,21,6549,,,
0.04137922823429108,21,6599,,,
0.018066247925162315,21,6649,,,
0.02759283035993576,21,6699,,,
0.020217953249812126,21,6749,,,
0.018596380949020386,22,6799,,,
0.02208038419485092,22,6849,,,
0.013522477820515633,22,6899,,,
0.030371831730008125,22,6949,,,
0.010102950036525726,22,6999,,,
0.003488948568701744,22,7049,,,
0.018398931249976158,23,7099,,,
0.009911192581057549,23,7149,,,
0.019856782630085945,23,7199,,,
0.03128386288881302,23,7249,,,
0.02140543982386589,23,7299,,,
0.01695353537797928,23,7349,,,
0.038285769522190094,24,7399,,,
0.020533351227641106,24,7449,,,
0.015376122668385506,24,7499,,,
0.01808043196797371,24,7549,,,
0.017019188031554222,24,7599,,,
0.009321651421487331,24,7649,,,
0.0193916168063879,25,7699,,,
0.022085223346948624,25,7749,,,
0.02989547699689865,25,7799,,,
0.01631028950214386,25,7849,,,
0.06831050664186478,25,7899,,,
0.02977241948246956,25,7949,,,
0.06838906556367874,25,7999,,,
0.01193414069712162,26,8049,,,
0.011045007966458797,26,8099,,,
0.04764435812830925,26,8149,,,
0.012671992182731628,26,8199,,,
0.024710174649953842,26,8249,,,
0.022194411605596542,26,8299,,,
0.019270330667495728,27,8349,,,
0.022062072530388832,27,8399,,,
0.010083097964525223,27,8449,,,
0.036415454000234604,27,8499,,,
0.028475886210799217,27,8549,,,
0.015195051208138466,27,8599,,,
0.009195318445563316,28,8649,,,
0.011593925766646862,28,8699,,,
0.012385973706841469,28,8749,,,
0.023937730118632317,28,8799,,,
0.029751848429441452,28,8849,,,
0.008858539164066315,28,8899,,,
0.01355600357055664,29,8949,,,
0.010378229431807995,29,8999,,,
0.031617406755685806,29,9049,,,
0.014594325795769691,29,9099,,,
0.01746080070734024,29,9149,,,
0.025062691420316696,29,9199,,,
,29,9244,0.035470325499773026,0.510711536197845,0.5590253509844781
0.008305726572871208,30,9249,,,
0.03386761620640755,30,9299,,,
0.006426666863262653,30,9349,,,
0.020152034237980843,30,9399,,,
0.019122742116451263,30,9449,,,
0.007666307967156172,30,9499,,,
0.01129554957151413,30,9549,,,
0.008561672642827034,31,9599,,,
0.013366661965847015,31,9649,,,
0.04856446385383606,31,9699,,,
0.0337747298181057,31,9749,,,
0.004985129926353693,31,9799,,,
0.004832982551306486,31,9849,,,
0.01823175698518753,32,9899,,,
0.014159506186842918,32,9949,,,
0.02907257340848446,32,9999,,,
0.02737710066139698,32,10049,,,
0.028125522658228874,32,10099,,,
0.012736027128994465,32,10149,,,
0.011066222563385963,33,10199,,,
0.028744187206029892,33,10249,,,
0.022318633273243904,33,10299,,,
0.005274459253996611,33,10349,,,
0.013992955908179283,33,10399,,,
0.0009873496601358056,33,10449,,,
0.014792079105973244,34,10499,,,
0.026433199644088745,34,10549,,,
0.00528770312666893,34,10599,,,
0.021413397043943405,34,10649,,,
0.03243708610534668,34,10699,,,
0.048872191458940506,34,10749,,,
0.018417399376630783,35,10799,,,
0.003769831731915474,35,10849,,,
0.012534246779978275,35,10899,,,
0.0452641136944294,35,10949,,,
0.01235145702958107,35,10999,,,
0.02268284186720848,35,11049,,,
0.04348623380064964,36,11099,,,
0.01486219558864832,36,11149,,,
0.003772473894059658,36,11199,,,
0.021231504157185555,36,11249,,,
0.0074919965118169785,36,11299,,,
0.01396238524466753,36,11349,,,
0.00984684843569994,36,11399,,,
0.003677617758512497,37,11449,,,
0.03341308981180191,37,11499,,,
0.011424742639064789,37,11549,,,
0.010287503711879253,37,11599,,,
0.0020762309432029724,37,11649,,,
0.005444736685603857,37,11699,,,
0.024051029235124588,38,11749,,,
0.0341542512178421,38,11799,,,
0.0348750501871109,38,11849,,,
0.011262146756052971,38,11899,,,
0.00866264570504427,38,11949,,,
0.014690777286887169,38,11999,,,
0.0015256351325660944,39,12049,,,
0.004306034184992313,39,12099,,,
0.012772050686180592,39,12149,,,
0.023217953741550446,39,12199,,,
0.018879976123571396,39,12249,,,
0.02876119315624237,39,12299,,,
,39,12329,0.04078647494316101,0.5326547631382357,0.5770232113955827
0.011059079319238663,40,12349,,,
0.008571429178118706,40,12399,,,
0.012142634019255638,40,12449,,,
0.007783120032399893,40,12499,,,
0.012828892096877098,40,12549,,,
0.013187019154429436,40,12599,,,
0.010707370936870575,41,12649,,,
0.007010307163000107,41,12699,,,
0.006831628270447254,41,12749,,,
0.006606838665902615,41,12799,,,
0.006238384172320366,41,12849,,,
0.05796690657734871,41,12899,,,
0.017391487956047058,42,12949,,,
0.010548561811447144,42,12999,,,
0.0020854612812399864,42,13049,,,
0.009587947279214859,42,13099,,,
0.03185594826936722,42,13149,,,
0.021141890436410904,42,13199,,,
0.006685898173600435,42,13249,,,
0.02184252440929413,43,13299,,,
0.009540627710521221,43,13349,,,
0.009373887442052364,43,13399,,,
0.02509189583361149,43,13449,,,
0.008193746209144592,43,13499,,,
0.0392085425555706,43,13549,,,
0.007592257112264633,44,13599,,,
0.014503907412290573,44,13649,,,
0.005953732877969742,44,13699,,,
0.022327173501253128,44,13749,,,
0.006582708563655615,44,13799,,,
0.0038743081968277693,44,13849,,,
0.008266456425189972,45,13899,,,
0.015027727000415325,45,13949,,,
0.0050611174665391445,45,13999,,,
0.005828690715134144,45,14049,,,
0.005931487772613764,45,14099,,,
0.009873510338366032,45,14149,,,
0.014011328108608723,46,14199,,,
0.009533061645925045,46,14249,,,
0.012699511833488941,46,14299,,,
0.010042324662208557,46,14349,,,
0.006525371689349413,46,14399,,,
0.011159034445881844,46,14449,,,
0.02248813398182392,47,14499,,,
0.004992569796741009,47,14549,,,
0.0030296132899820805,47,14599,,,
0.02555147185921669,47,14649,,,
0.008104776032269001,47,14699,,,
0.009347861632704735,47,14749,,,
0.010114407166838646,48,14799,,,
0.008878136985003948,48,14849,,,
0.003711842466145754,48,14899,,,
0.011369844898581505,48,14949,,,
0.012015820480883121,48,14999,,,
0.010003744624555111,48,15049,,,
0.0012701288796961308,48,15099,,,
0.009758736938238144,49,15149,,,
0.0034051116090267897,49,15199,,,
0.00430353544652462,49,15249,,,
0.048885464668273926,49,15299,,,
0.007039931602776051,49,15349,,,
0.0005201097810640931,49,15399,,,
,49,15410,0.044719137251377106,0.5715379352463894,0.6002821978342742
0.0039019216783344746,50,15449,,,
0.0012027912307530642,50,15499,,,
0.0011198959546163678,50,15549,,,
0.0036845277063548565,50,15599,,,
0.005109845194965601,50,15649,,,
0.006244311109185219,50,15699,,,
0.015078293159604073,51,15749,,,
0.004853486083447933,51,15799,,,
0.0038625728338956833,51,15849,,,
0.010759222321212292,51,15899,,,
0.008335506543517113,51,15949,,,
0.015682989731431007,51,15999,,,
0.0033581871539354324,52,16049,,,
0.0024064001627266407,52,16099,,,
0.008221669122576714,52,16149,,,
0.02001042664051056,52,16199,,,
0.00882174726575613,52,16249,,,
0.010923134163022041,52,16299,,,
0.0006706365384161472,53,16349,,,
0.0051382360979914665,53,16399,,,
0.011048623360693455,53,16449,,,
0.004839201457798481,53,16499,,,
0.0018149114912375808,53,16549,,,
0.001986387651413679,53,16599,,,
0.0048343404196202755,53,16649,,,
0.008418065495789051,54,16699,,,
0.008981841616332531,54,16749,,,
0.004978985525667667,54,16799,,,
0.0029275149572640657,54,16849,,,
0.003367786295711994,54,16899,,,
0.006790534593164921,54,16949,,,
0.04262787848711014,55,16999,,,
0.004072906915098429,55,17049,,,
0.008438119664788246,55,17099,,,
0.002110155299305916,55,17149,,,
0.003859175369143486,55,17199,,,
0.01911928504705429,55,17249,,,
0.023075349628925323,56,17299,,,
0.007976148277521133,56,17349,,,
0.06132873520255089,56,17399,,,
0.0034458348527550697,56,17449,,,
0.007064943201839924,56,17499,,,
0.007062372285872698,56,17549,,,
0.003324963618069887,57,17599,,,
0.00417696125805378,57,17649,,,
0.019232625141739845,57,17699,,,
0.003263107966631651,57,17749,,,
0.005064885597676039,57,17799,,,
0.007459163200110197,57,17849,,,
0.0028837998397648335,58,17899,,,
0.003758674953132868,58,17949,,,
0.006668843794614077,58,17999,,,
0.002114358823746443,58,18049,,,
0.006796813569962978,58,18099,,,
0.0014221572782844305,58,18149,,,
0.004060571081936359,59,18199,,,
0.0004242542781867087,59,18249,,,
0.007957369089126587,59,18299,,,
0.004067190457135439,59,18349,,,
0.004605063237249851,59,18399,,,
0.0034547478426247835,59,18449,,,
,59,18487,0.04797345772385597,0.5829600729180265,0.6060154247039957
0.001894093002192676,60,18499,,,
0.03333831951022148,60,18549,,,
0.012955918908119202,60,18599,,,
0.007607443258166313,60,18649,,,
0.0037802967708557844,60,18699,,,
0.009247531183063984,60,18749,,,
0.003059004433453083,60,18799,,,
0.004875050392001867,61,18849,,,
0.00829009898006916,61,18899,,,
0.0007819854654371738,61,18949,,,
0.0033681930508464575,61,18999,,,
0.007505432702600956,61,19049,,,
0.020423557609319687,61,19099,,,
0.0026202767621725798,62,19149,,,
0.005348607897758484,62,19199,,,
0.0038041232619434595,62,19249,,,
0.0031946860253810883,62,19299,,,
0.014629717916250229,62,19349,,,
0.008855195716023445,62,19399,,,
0.004018421750515699,63,19449,,,
0.0016109057469293475,63,19499,,,
0.009457387030124664,63,19549,,,
0.03240911290049553,63,19599,,,
0.013417207635939121,63,19649,,,
0.005424829665571451,63,19699,,,
0.006878003943711519,64,19749,,,
0.010706083849072456,64,19799,,,
0.005622691474854946,64,19849,,,
0.00303082587197423,64,19899,,,
0.0017345029627904296,64,19949,,,
0.004868015646934509,64,19999,,,
0.008187538012862206,65,20049,,,
0.0021424635779112577,65,20099,,,
0.002219147514551878,65,20149,,,
0.00683092325925827,65,20199,,,
0.01013618428260088,65,20249,,,
0.00548472860828042,65,20299,,,
0.0069793397560715675,66,20349,,,
0.00024005988962017,66,20399,,,
0.0012052353704348207,66,20449,,,
0.01518273912370205,66,20499,,,
0.0027310727164149284,66,20549,,,
0.0033582597970962524,66,20599,,,
0.02006565034389496,67,20649,,,
0.0012837860267609358,67,20699,,,
0.002473020227625966,67,20749,,,
0.006891329772770405,67,20799,,,
0.008401066064834595,67,20849,,,
0.01795509271323681,67,20899,,,
0.0043173786252737045,68,20949,,,
0.01255225483328104,68,20999,,,
0.0028181723318994045,68,21049,,,
0.00851372815668583,68,21099,,,
0.021319691091775894,68,21149,,,
0.0028993473388254642,68,21199,,,
0.007695419248193502,69,21249,,,
0.006937701720744371,69,21299,,,
0.009313896298408508,69,21349,,,
0.0021155723370611668,69,21399,,,
0.001292128232307732,69,21449,,,
0.002678927965462208,69,21499,,,
0.0041184090077877045,69,21549,,,
,69,21556,0.0483037605881691,0.5828497675703804,0.6057201021133749
0.00887212622910738,70,21599,,,
0.009673770517110825,70,21649,,,
0.0040992251597344875,70,21699,,,
0.00932904053479433,70,21749,,,
0.009676563553512096,70,21799,,,
0.011888595297932625,70,21849,,,
0.0038432779256254435,71,21899,,,
0.01593642681837082,71,21949,,,
0.018615763634443283,71,21999,,,
0.01566607691347599,71,22049,,,
0.0033967974595725536,71,22099,,,
0.006304520647972822,71,22149,,,
0.0005742453504353762,72,22199,,,
0.0005586709012277424,72,22249,,,
0.005131266545504332,72,22299,,,
0.01403066050261259,72,22349,,,
0.0039409371092915535,72,22399,,,
0.006964297965168953,72,22449,,,
0.002467530779540539,73,22499,,,
0.010497272945940495,73,22549,,,
0.014542093500494957,73,22599,,,
0.0045093148946762085,73,22649,,,
0.008036669343709946,73,22699,,,
0.02477431856095791,73,22749,,,
0.0009289388544857502,74,22799,,,
0.0020861043594777584,74,22849,,,
0.0075474269688129425,74,22899,,,
0.004141689278185368,74,22949,,,
0.011192871257662773,74,22999,,,
0.004905064124614,74,23049,,,
0.010788742452859879,75,23099,,,
0.004584348760545254,75,23149,,,
0.012171218171715736,75,23199,,,
0.0027591348625719547,75,23249,,,
0.00805121473968029,75,23299,,,
0.004732320085167885,75,23349,,,
0.003984489012509584,75,23399,,,
0.0139611242339015,76,23449,,,
0.006366213317960501,76,23499,,,
0.004978777840733528,76,23549,,,
0.006158909760415554,76,23599,,,
0.006585551425814629,76,23649,,,
0.006364468485116959,76,23699,,,
0.011490055359899998,77,23749,,,
0.01311403140425682,77,23799,,,
0.007491392083466053,77,23849,,,
0.00543693732470274,77,23899,,,
0.011582762934267521,77,23949,,,
0.019979327917099,77,23999,,,
0.00451657734811306,78,24049,,,
0.005057624075561762,78,24099,,,
0.006813597399741411,78,24149,,,
0.01136389747262001,78,24199,,,
0.01494245883077383,78,24249,,,
0.005435498431324959,78,24299,,,
0.0004062289954163134,79,24349,,,
0.007005318999290466,79,24399,,,
0.001330469734966755,79,24449,,,
0.013742169365286827,79,24499,,,
0.009085698053240776,79,24549,,,
0.0025637659709900618,79,24599,,,
,79,24634,0.04631107673048973,0.5925201798251845,0.6136318626263788
0.004092077724635601,80,24649,,,
0.0276092030107975,80,24699,,,
0.0058297403156757355,80,24749,,,
0.01002437248826027,80,24799,,,
0.004941574763506651,80,24849,,,
0.008042489178478718,80,24899,,,
0.012508833780884743,81,24949,,,
0.0052735465578734875,81,24999,,,
0.007436353713274002,81,25049,,,
0.003007155377417803,81,25099,,,
0.004414520692080259,81,25149,,,
0.008422832004725933,81,25199,,,
0.0030806437134742737,82,25249,,,
0.006403874605894089,82,25299,,,
0.007232296280562878,82,25349,,,
0.006205776706337929,82,25399,,,
0.010252309963107109,82,25449,,,
0.010047966614365578,82,25499,,,
0.0030708059202879667,82,25549,,,
0.0013880310580134392,83,25599,,,
0.0033818515948951244,83,25649,,,
0.003397841239348054,83,25699,,,
0.01606859266757965,83,25749,,,
0.023017778992652893,83,25799,,,
0.0019237031228840351,83,25849,,,
0.009918080642819405,84,25899,,,
0.001742239692248404,84,25949,,,
0.007549732457846403,84,25999,,,
0.01035628654062748,84,26049,,,
0.004247391130775213,84,26099,,,
0.011176121421158314,84,26149,,,
0.006474322639405727,85,26199,,,
0.002244639676064253,85,26249,,,
0.011049633845686913,85,26299,,,
0.024858294054865837,85,26349,,,
0.002502571325749159,85,26399,,,
0.01759801246225834,85,26449,,,
0.007230608724057674,86,26499,,,
0.014632118865847588,86,26549,,,
0.00527346134185791,86,26599,,,
0.005118893459439278,86,26649,,,
0.005367363337427378,86,26699,,,
0.00413932278752327,86,26749,,,
0.0033732308074831963,87,26799,,,
0.00847168080508709,87,26849,,,
0.015635738149285316,87,26899,,,
0.016196060925722122,87,26949,,,
0.0015627456596121192,87,26999,,,
0.004735257010906935,87,27049,,,
0.006992117501795292,87,27099,,,
0.02608727477490902,88,27149,,,
0.00995001383125782,88,27199,,,
0.007370961830019951,88,27249,,,
0.009881969541311264,88,27299,,,
0.008375817909836769,88,27349,,,
0.007815743796527386,88,27399,,,
0.004464720841497183,89,27449,,,
0.0019285125890746713,89,27499,,,
0.011014659889042377,89,27549,,,
0.005503918044269085,89,27599,,,
0.022251952439546585,89,27649,,,
0.0023696275893598795,89,27699,,,
,89,27715,0.04771970212459564,0.5707946853371423,0.5748549608917988
0.009337435476481915,90,27749,,,
0.007615300361067057,90,27799,,,
0.014392504468560219,90,27849,,,
0.014446403831243515,90,27899,,,
0.011572545394301414,90,27949,,,
0.009063474833965302,90,27999,,,
0.006097028031945229,91,28049,,,
0.004197715315967798,91,28099,,,
0.005349192302674055,91,28149,,,
0.011141153052449226,91,28199,,,
0.000841720262542367,91,28249,,,
0.006776162423193455,91,28299,,,
0.009899959899485111,92,28349,,,
0.024092666804790497,92,28399,,,
0.0021153222769498825,92,28449,,,
0.027593977749347687,92,28499,,,
0.0031242892146110535,92,28549,,,
0.00635233148932457,92,28599,,,
0.010291804559528828,93,28649,,,
0.001534780953079462,93,28699,,,
0.01995885744690895,93,28749,,,
0.008894355967640877,93,28799,,,
0.023132555186748505,93,28849,,,
0.010392352007329464,93,28899,,,
0.006763665936887264,94,28949,,,
0.007362624164670706,94,28999,,,
0.0055120959877967834,94,29049,,,
0.00811992958188057,94,29099,,,
0.006932322401553392,94,29149,,,
0.007599088363349438,94,29199,,,
0.001766142318956554,94,29249,,,
0.0032675503753125668,95,29299,,,
0.03359207138419151,95,29349,,,
0.01328720711171627,95,29399,,,
0.012270458042621613,95,29449,,,
0.020176328718662262,95,29499,,,
0.0034264116548001766,95,29549,,,
0.016181200742721558,96,29599,,,
0.010721717029809952,96,29649,,,
0.016801998019218445,96,29699,,,
0.0009938307339325547,96,29749,,,
0.005081080831587315,96,29799,,,
0.013642561621963978,96,29849,,,
0.00926179438829422,97,29899,,,
0.007350918836891651,97,29949,,,
0.031136762350797653,97,29999,,,
0.017536155879497528,97,30049,,,
0.010091944597661495,97,30099,,,
0.01296950876712799,97,30149,,,
0.011788907460868359,98,30199,,,
0.005643712822347879,98,30249,,,
0.0019031732808798552,98,30299,,,
0.004727330058813095,98,30349,,,
0.011452466249465942,98,30399,,,
0.011638043448328972,98,30449,,,
0.011793659068644047,99,30499,,,
0.011006128042936325,99,30549,,,
0.005783549044281244,99,30599,,,
0.00955599918961525,99,30649,,,
0.009145362302660942,99,30699,,,
0.0074004861526191235,99,30749,,,
0.008278819732367992,99,30799,,,
,99,30803,0.03798661008477211,0.5434177243607589,0.6033730434750847
0.008958178572356701,100,30849,,,
0.001981894252821803,100,30899,,,
0.00728010106831789,100,30949,,,
0.006004326976835728,100,30999,,,
0.0034637292847037315,100,31049,,,
0.027247972786426544,100,31099,,,
0.013275320641696453,101,31149,,,
0.02238568291068077,101,31199,,,
0.013832532800734043,101,31249,,,
0.018924854695796967,101,31299,,,
0.007247084751725197,101,31349,,,
0.020084748044610023,101,31399,,,
0.01212264969944954,102,31449,,,
0.015285233035683632,102,31499,,,
0.025438539683818817,102,31549,,,
0.01626468263566494,102,31599,,,
0.02683097869157791,102,31649,,,
0.03285009041428566,102,31699,,,
0.0031657577492296696,103,31749,,,
0.005979577545076609,103,31799,,,
0.0162248183041811,103,31849,,,
0.013406768441200256,103,31899,,,
0.006030609831213951,103,31949,,,
0.00706799840554595,103,31999,,,
0.00888348650187254,104,32049,,,
0.011966841295361519,104,32099,,,
0.016659686341881752,104,32149,,,
0.0066454485058784485,104,32199,,,
0.00617939094081521,104,32249,,,
0.003961826208978891,104,32299,,,
0.028099901974201202,105,32349,,,
0.014757953584194183,105,32399,,,
0.011565434746444225,105,32449,,,
0.02249217964708805,105,32499,,,
0.007574974559247494,105,32549,,,
0.004939562175422907,105,32599,,,
0.011387228965759277,105,32649,,,
0.007603693287819624,106,32699,,,
0.0147370221093297,106,32749,,,
0.010073207318782806,106,32799,,,
0.0011653602123260498,106,32849,,,
0.018758036196231842,106,32899,,,
0.023798631504178047,106,32949,,,
0.004933912307024002,107,32999,,,
0.014548150822520256,107,33049,,,
0.006588661577552557,107,33099,,,
0.001247401349246502,107,33149,,,
0.016704067587852478,107,33199,,,
0.01823854073882103,107,33249,,,
0.011339318938553333,108,33299,,,
0.009601694531738758,108,33349,,,
0.00776011124253273,108,33399,,,
0.026253320276737213,108,33449,,,
0.01528086792677641,108,33499,,,
0.061305977404117584,108,33549,,,
0.014032173901796341,109,33599,,,
0.01501868013292551,109,33649,,,
0.027830025181174278,109,33699,,,
0.017323153093457222,109,33749,,,
0.01640336588025093,109,33799,,,
0.0062904367223382,109,33849,,,
,109,33883,0.04190380498766899,0.539643780122801,0.5729551465538667
0.006370438262820244,110,33884,,,
0.006648183800280094,110,33885,,,
0.023925691843032837,110,33886,,,
0.006960381753742695,110,33887,,,
0.004074886441230774,110,33888,,,
0.014563808217644691,110,33889,,,
0.01367712952196598,110,33890,,,
0.010654427111148834,110,33891,,,
0.023949628695845604,110,33892,,,
0.01335479412227869,110,33893,,,
0.036265842616558075,110,33894,,,
0.02452007308602333,110,33895,,,
0.007326544262468815,110,33896,,,
0.007149530574679375,110,33897,,,
0.01837993413209915,110,33898,,,
0.016787894070148468,110,33899,,,
0.0032174712978303432,110,33900,,,
0.010332906618714333,110,33901,,,
0.026919705793261528,110,33902,,,
0.0007979151559993625,110,33903,,,
0.013857139274477959,110,33904,,,
0.003569341264665127,110,33905,,,
0.0014510743785649538,110,33906,,,
0.008410254493355751,110,33907,,,
0.011690537445247173,110,33908,,,
0.02420877106487751,110,33909,,,
0.009163815528154373,110,33910,,,
0.020811406895518303,110,33911,,,
0.013151009567081928,110,33912,,,
0.007663581985980272,110,33913,,,
0.017195560038089752,110,33914,,,
0.030969711020588875,110,33915,,,
0.026677612215280533,110,33916,,,
0.02958054095506668,110,33917,,,
0.003215295262634754,110,33918,,,
0.027988577261567116,110,33919,,,
0.007356849033385515,110,33920,,,
0.009218334220349789,110,33921,,,
0.007729446515440941,110,33922,,,
0.014506358653306961,110,33923,,,
0.01102631725370884,110,33924,,,
0.025545889511704445,110,33925,,,
0.01967463456094265,110,33926,,,
0.006427532061934471,110,33927,,,
0.017901526764035225,110,33928,,,
0.005124847870320082,110,33929,,,
0.022010186687111855,110,33930,,,
0.0048455181531608105,110,33931,,,
0.003097773063927889,110,33932,,,
0.02054416760802269,110,33933,,,
0.010396981611847878,110,33934,,,
0.008412008173763752,110,33935,,,
0.011691701598465443,110,33936,,,
0.01556096225976944,110,33937,,,
0.010057367384433746,110,33938,,,
0.01854126714169979,110,33939,,,
0.01965237222611904,110,33940,,,
0.04101524502038956,110,33941,,,
0.012598926201462746,110,33942,,,
0.03007698804140091,110,33943,,,
0.027926944196224213,110,33944,,,
0.017916416749358177,110,33945,,,
0.016342470422387123,110,33946,,,
0.014458373188972473,110,33947,,,
0.032033771276474,110,33948,,,
0.005374510772526264,110,33949,,,
0.01873946189880371,110,33950,,,
0.01766638644039631,110,33951,,,
0.014556264504790306,110,33952,,,
0.01856236718595028,110,33953,,,
0.015190361998975277,110,33954,,,
0.06530386954545975,110,33955,,,
0.006582991685718298,110,33956,,,
0.019961025565862656,110,33957,,,
0.024668356403708458,110,33958,,,
0.012279799208045006,110,33959,,,
0.010521788150072098,110,33960,,,
0.009615453891456127,110,33961,,,
0.0088982367888093,110,33962,,,
0.010068458504974842,110,33963,,,
0.005303160287439823,110,33964,,,
0.0062147267162799835,110,33965,,,
0.01625651679933071,110,33966,,,
0.009234747849404812,110,33967,,,
0.011888610199093819,110,33968,,,
0.00519415782764554,110,33969,,,
0.03571623936295509,110,33970,,,
0.020105333998799324,110,33971,,,
0.013730747625231743,110,33972,,,
0.005999438464641571,110,33973,,,
0.08505265414714813,110,33974,,,
0.017475588247179985,110,33975,,,
0.006731458008289337,110,33976,,,
0.014495152980089188,110,33977,,,
0.04650130867958069,110,33978,,,
0.008851191960275173,110,33979,,,
0.031971678137779236,110,33980,,,
0.015147296711802483,110,33981,,,
0.0258178673684597,110,33982,,,
0.023636072874069214,110,33983,,,
0.009295077994465828,110,33984,,,
0.018960922956466675,110,33985,,,
0.01296183094382286,110,33986,,,
0.018930459395051003,110,33987,,,
0.0034103491343557835,110,33988,,,
0.029511230066418648,110,33989,,,
0.008629949763417244,110,33990,,,
0.014015763998031616,110,33991,,,
0.028024055063724518,110,33992,,,
0.014425341039896011,110,33993,,,
0.004897907376289368,110,33994,,,
0.009377183392643929,110,33995,,,
0.015896890312433243,110,33996,,,
0.006180074997246265,110,33997,,,
0.010618690401315689,110,33998,,,
0.01645083911716938,110,33999,,,
0.007963505573570728,110,34000,,,
0.009194215759634972,110,34001,,,
0.021926891058683395,110,34002,,,
0.036587364971637726,110,34003,,,
0.04298775643110275,110,34004,,,
0.016434594988822937,110,34005,,,
0.014362256042659283,110,34006,,,
0.013950889930129051,110,34007,,,
0.013403994031250477,110,34008,,,
0.016087301075458527,110,34009,,,
0.05092894285917282,110,34010,,,
0.02625396102666855,110,34011,,,
0.020267069339752197,110,34012,,,
0.00815193634480238,110,34013,,,
0.007685243152081966,110,34014,,,
0.029264133423566818,110,34015,,,
0.007515915669500828,110,34016,,,
0.017593763768672943,110,34017,,,
0.014934102073311806,110,34018,,,
0.01787092536687851,110,34019,,,
0.016617514193058014,110,34020,,,
0.01123589277267456,110,34021,,,
0.012362971901893616,110,34022,,,
0.041959721595048904,110,34023,,,
0.00525694852694869,110,34024,,,
0.00806943979114294,110,34025,,,
0.06569287925958633,110,34026,,,
0.007500047795474529,110,34027,,,
0.01047163363546133,110,34028,,,
0.03192627802491188,110,34029,,,
0.005770061165094376,110,34030,,,
0.004401126876473427,110,34031,,,
0.020821183919906616,110,34032,,,
0.045738302171230316,110,34033,,,
0.009820513427257538,110,34034,,,
0.004244775511324406,110,34035,,,
0.011782076209783554,110,34036,,,
0.007523715496063232,110,34037,,,
0.02531314082443714,110,34038,,,
0.0029020975343883038,110,34039,,,
0.00670526921749115,110,34040,,,
0.017533456906676292,110,34041,,,
0.011016660369932652,110,34042,,,
0.005123461131006479,110,34043,,,
0.018547452986240387,110,34044,,,
0.025064632296562195,110,34045,,,
0.011602485552430153,110,34046,,,
0.017655974254012108,110,34047,,,
0.020536884665489197,110,34048,,,
0.02509046159684658,110,34049,,,
0.02063116431236267,110,34050,,,
0.012858591973781586,110,34051,,,
0.02272588387131691,110,34052,,,
0.015447246842086315,110,34053,,,
0.01788870245218277,110,34054,,,
0.026472317054867744,110,34055,,,
0.016437625512480736,110,34056,,,
0.0058256955817341805,110,34057,,,
0.018306732177734375,110,34058,,,
0.016442138701677322,110,34059,,,
0.015758851543068886,110,34060,,,
0.015842512249946594,110,34061,,,
0.004891718737781048,110,34062,,,
0.006032746285200119,110,34063,,,
0.005466599948704243,110,34064,,,
0.0010293957311660051,110,34065,,,
0.003058252390474081,110,34066,,,
0.011621683835983276,110,34067,,,
0.01503972802311182,110,34068,,,
0.01643494702875614,110,34069,,,
0.021946754306554794,110,34070,,,
0.012921957299113274,110,34071,,,
0.00519284512847662,110,34072,,,
0.01159797701984644,110,34073,,,
0.013558076694607735,110,34074,,,
0.007712276186794043,110,34075,,,
0.012524379417300224,110,34076,,,
0.01662694662809372,110,34077,,,
0.007052210625261068,110,34078,,,
0.021000994369387627,110,34079,,,
0.010427391156554222,110,34080,,,
0.012438747100532055,110,34081,,,
0.03040236234664917,110,34082,,,
0.006783563178032637,110,34083,,,
0.02495656907558441,110,34084,,,
0.0050696078687906265,110,34085,,,
0.012098454870283604,110,34086,,,
0.025090478360652924,110,34087,,,
0.03579453006386757,110,34088,,,
0.0075152842327952385,110,34089,,,
0.004274739418178797,110,34090,,,
0.009631292894482613,110,34091,,,
0.007979732938110828,110,34092,,,
0.027853257954120636,110,34093,,,
0.024414993822574615,110,34094,,,
0.01597473956644535,110,34095,,,
0.03135092556476593,110,34096,,,
0.06311511248350143,110,34097,,,
0.011224369518458843,110,34098,,,
0.009111084043979645,110,34099,,,
0.018047763034701347,110,34100,,,
0.008203304372727871,110,34101,,,
0.005915564484894276,110,34102,,,
0.012637818232178688,110,34103,,,
0.015570029616355896,110,34104,,,
0.022983334958553314,110,34105,,,
0.009786983951926231,110,34106,,,
0.04601709917187691,110,34107,,,
0.0073023345321416855,110,34108,,,
0.016770055517554283,110,34109,,,
0.005270941648632288,110,34110,,,
0.0122816888615489,110,34111,,,
0.020805878564715385,110,34112,,,
0.01044906210154295,110,34113,,,
0.02496255747973919,110,34114,,,
0.008741646073758602,110,34115,,,
0.004843148402869701,110,34116,,,
0.00930277444422245,110,34117,,,
0.011044989340007305,110,34118,,,
0.006023455411195755,110,34119,,,
0.015976695343852043,110,34120,,,
0.006886767223477364,110,34121,,,
0.07831400632858276,110,34122,,,
0.00694256229326129,110,34123,,,
0.0054175108671188354,110,34124,,,
0.061740849167108536,110,34125,,,
0.007142200134694576,110,34126,,,
0.006980233825743198,110,34127,,,
0.008550678379833698,110,34128,,,
0.008926089853048325,110,34129,,,
0.047702692449092865,110,34130,,,
0.009731060825288296,110,34131,,,
0.02203725278377533,110,34132,,,
0.004616845399141312,110,34133,,,
0.005260148085653782,110,34134,,,
0.010578302666544914,110,34135,,,
0.020520584657788277,110,34136,,,
0.02054118551313877,110,34137,,,
0.010964600369334221,110,34138,,,
0.025491371750831604,110,34139,,,
0.009432259015738964,110,34140,,,
0.004552631638944149,110,34141,,,
0.0056173913180828094,110,34142,,,
0.016964782029390335,110,34143,,,
0.009585872292518616,110,34144,,,
0.012623663991689682,110,34145,,,
0.017127247527241707,110,34146,,,
0.011882834136486053,110,34147,,,
0.016747767105698586,110,34148,,,
0.003456470090895891,110,34149,,,
0.014048092998564243,110,34150,,,
0.029773814603686333,110,34151,,,
0.010190146043896675,110,34152,,,
0.007070193067193031,110,34153,,,
0.008822145871818066,110,34154,,,
0.004487770609557629,110,34155,,,
0.05357586219906807,110,34156,,,
0.0077417269349098206,110,34157,,,
0.016322335228323936,110,34158,,,
0.012156959623098373,110,34159,,,
0.01642356440424919,110,34160,,,
0.03702980652451515,110,34161,,,
0.013271104544401169,110,34162,,,
0.006063540931791067,110,34163,,,
0.0056184036657214165,110,34164,,,
0.014277462847530842,110,34165,,,
0.007899340242147446,110,34166,,,
0.010532056912779808,110,34167,,,
0.001238949946127832,110,34168,,,
0.018154317513108253,110,34169,,,
0.01307731494307518,110,34170,,,
0.008067221380770206,110,34171,,,
0.013542341999709606,110,34172,,,
0.007995148189365864,110,34173,,,
0.016517000272870064,110,34174,,,
0.009469007141888142,110,34175,,,
0.003982318099588156,110,34176,,,
0.014782140031456947,110,34177,,,
0.006394092924892902,110,34178,,,
0.02176971174776554,110,34179,,,
0.0016296150861307979,110,34180,,,
0.019431376829743385,110,34181,,,
0.02802700363099575,110,34182,,,
0.02265677973628044,110,34183,,,
0.0517856739461422,110,34184,,,
0.0038218223489820957,110,34185,,,
0.009336337447166443,110,34186,,,
0.009687729179859161,110,34187,,,
0.023125503212213516,110,34188,,,
0.00859110802412033,110,34189,,,
0.016399208456277847,111,34190,,,
0.013770914636552334,111,34191,,,
0.0058617014437913895,111,34192,,,
0.008279828354716301,111,34193,,,
0.014590485952794552,111,34194,,,
0.011881563812494278,111,34195,,,
0.014104261063039303,111,34196,,,
0.01978137344121933,111,34197,,,
0.009228930808603764,111,34198,,,
0.01391695812344551,111,34199,,,
0.011099370196461678,111,34200,,,
0.008525281213223934,111,34201,,,
0.0012561361072584987,111,34202,,,
0.008807873353362083,111,34203,,,
0.0021859535481780767,111,34204,,,
0.009805549867451191,111,34205,,,
0.01049301028251648,111,34206,,,
0.017104629427194595,111,34207,,,
0.006165152415633202,111,34208,,,
0.02527763321995735,111,34209,,,
0.01379949040710926,111,34210,,,
0.019278811290860176,111,34211,,,
0.010628040879964828,111,34212,,,
0.015862030908465385,111,34213,,,
0.0079061109572649,111,34214,,,
0.009301071055233479,111,34215,,,
0.004093123599886894,111,34216,,,
0.015746790915727615,111,34217,,,
0.037910863757133484,111,34218,,,
0.019287656992673874,111,34219,,,
0.011741162277758121,111,34220,,,
0.0176126379519701,111,34221,,,
0.02242133766412735,111,34222,,,
0.020399324595928192,111,34223,,,
0.005167510360479355,111,34224,,,
0.009188259020447731,111,34225,,,
0.005612310022115707,111,34226,,,
0.007954736240208149,111,34227,,,
0.007603408303111792,111,34228,,,
0.014090930111706257,111,34229,,,
0.008546099066734314,111,34230,,,
0.10534948110580444,111,34231,,,
0.020509954541921616,111,34232,,,
0.0015107284998521209,111,34233,,,
0.006453121080994606,111,34234,,,
0.017493408173322678,111,34235,,,
0.006190954707562923,111,34236,,,
0.014946206472814083,111,34237,,,
0.011268999427556992,111,34238,,,
0.0069131371565163136,111,34239,,,
0.007544976193457842,111,34240,,,
0.021139279007911682,111,34241,,,
0.0013270608615130186,111,34242,,,
0.009940525516867638,111,34243,,,
0.009884320199489594,111,34244,,,
0.005613332614302635,111,34245,,,
0.008503450080752373,111,34246,,,
0.007561034057289362,111,34247,,,
0.01750841736793518,111,34248,,,
0.011890444904565811,111,34249,,,
0.03294968605041504,111,34250,,,
0.023434674367308617,111,34251,,,
0.0166836678981781,111,34252,,,
0.003161543281748891,111,34253,,,
0.012768683023750782,111,34254,,,
0.015779759734869003,111,34255,,,
0.01608099415898323,111,34256,,,
0.013899985700845718,111,34257,,,
0.005941224284470081,111,34258,,,
0.00818865280598402,111,34259,,,
0.006275193300098181,111,34260,,,
0.011485082097351551,111,34261,,,
0.012436773627996445,111,34262,,,
0.012567109428346157,111,34263,,,
0.03871789202094078,111,34264,,,
0.06239830702543259,111,34265,,,
0.010613515973091125,111,34266,,,
0.02172294445335865,111,34267,,,
0.019285446032881737,111,34268,,,
0.03498384356498718,111,34269,,,
0.027188366279006004,111,34270,,,
0.002528784330934286,111,34271,,,
0.0033474366646260023,111,34272,,,
0.004853991325944662,111,34273,,,
0.007858779281377792,111,34274,,,
0.004450055770576,111,34275,,,
0.02536444365978241,111,34276,,,
0.010226702317595482,111,34277,,,
0.028820596635341644,111,34278,,,
0.057452332228422165,111,34279,,,
0.011882820166647434,111,34280,,,
0.022489838302135468,111,34281,,,
0.005569531582295895,111,34282,,,
0.003135885577648878,111,34283,,,
0.018703488633036613,111,34284,,,
0.017863089218735695,111,34285,,,
0.021590160205960274,111,34286,,,
0.007726081646978855,111,34287,,,
0.006970097776502371,111,34288,,,
0.013252703472971916,111,34289,,,
0.017757173627614975,111,34290,,,
0.026307344436645508,111,34291,,,
0.0031619665678590536,111,34292,,,
0.011332735419273376,111,34293,,,
0.009451568126678467,111,34294,,,
0.01849195547401905,111,34295,,,
0.016047686338424683,111,34296,,,
0.06586034595966339,111,34297,,,
0.0089862747117877,111,34298,,,
0.008733004331588745,111,34299,,,
0.016071507707238197,111,34300,,,
0.008995124138891697,111,34301,,,
0.009382239542901516,111,34302,,,
0.01191213820129633,111,34303,,,
0.011341436766088009,111,34304,,,
0.023314889520406723,111,34305,,,
0.01580362766981125,111,34306,,,
0.011184952221810818,111,34307,,,
0.00953306071460247,111,34308,,,
0.015818508341908455,111,34309,,,
0.005323504563421011,111,34310,,,
0.01713554374873638,111,34311,,,
0.00396282272413373,111,34312,,,
0.007772715762257576,111,34313,,,
0.01086236909031868,111,34314,,,
0.00693981908261776,111,34315,,,
0.06124787777662277,111,34316,,,
0.004479706287384033,111,34317,,,
0.0021288320422172546,111,34318,,,
0.0364932119846344,111,34319,,,
0.014699761755764484,111,34320,,,
0.0130451750010252,111,34321,,,
0.001898659160360694,111,34322,,,
0.022195965051651,111,34323,,,
0.0074808308854699135,111,34324,,,
0.015266189351677895,111,34325,,,
0.022772708907723427,111,34326,,,
0.033423613756895065,111,34327,,,
0.028078362345695496,111,34328,,,
0.02569025754928589,111,34329,,,
0.06984167546033859,111,34330,,,
0.019095683470368385,111,34331,,,
0.04268856346607208,111,34332,,,
0.024203136563301086,111,34333,,,
0.046870842576026917,111,34334,,,
0.006921093445271254,111,34335,,,
0.015157658606767654,111,34336,,,
0.008593278005719185,111,34337,,,
0.025255611166357994,111,34338,,,
0.02132595144212246,111,34339,,,
0.029341857880353928,111,34340,,,
0.02488730102777481,111,34341,,,
0.03497803211212158,111,34342,,,
0.011846713721752167,111,34343,,,
0.022804368287324905,111,34344,,,
0.009972634725272655,111,34345,,,
0.022354330867528915,111,34346,,,
0.01685512438416481,111,34347,,,
0.0014310607220977545,111,34348,,,
0.014023125171661377,111,34349,,,
0.00540155079215765,111,34350,,,
0.01827395334839821,111,34351,,,
0.018518587574362755,111,34352,,,
0.027639666572213173,111,34353,,,
0.00986446626484394,111,34354,,,
0.015513014048337936,111,34355,,,
0.005249164067208767,111,34356,,,
0.027106337249279022,111,34357,,,
0.0069777220487594604,111,34358,,,
0.03159517049789429,111,34359,,,
0.001848600571975112,111,34360,,,
0.003976160194724798,111,34361,,,
0.013092752546072006,111,34362,,,
0.005174305289983749,111,34363,,,
0.040409065783023834,111,34364,,,
0.011767972260713577,111,34365,,,
0.01817828044295311,111,34366,,,
0.016663484275341034,111,34367,,,
0.013634776696562767,111,34368,,,
0.014330357313156128,111,34369,,,
0.016721438616514206,111,34370,,,
0.04900142550468445,111,34371,,,
0.03145911172032356,111,34372,,,
0.025736428797245026,111,34373,,,
0.009336249902844429,111,34374,,,
0.025944195687770844,111,34375,,,
0.0055278874933719635,111,34376,,,
0.006022934801876545,111,34377,,,
0.004818731918931007,111,34378,,,
0.012005647644400597,111,34379,,,
0.014234285801649094,111,34380,,,
0.03901539370417595,111,34381,,,
0.014734932221472263,111,34382,,,
0.003993499558418989,111,34383,,,
0.02722441963851452,111,34384,,,
0.012485690414905548,111,34385,,,
0.01671726256608963,111,34386,,,
0.018767211586236954,111,34387,,,
0.03789716958999634,111,34388,,,
0.00917887780815363,111,34389,,,
0.016848303377628326,111,34390,,,
0.02273346483707428,111,34391,,,
0.00948462262749672,111,34392,,,
0.03547302633523941,111,34393,,,
0.011517204344272614,111,34394,,,
0.008506089448928833,111,34395,,,
0.007263092324137688,111,34396,,,
0.01016406062990427,111,34397,,,
0.02155406028032303,111,34398,,,
0.015832824632525444,111,34399,,,
0.01721227914094925,111,34400,,,
0.016102146357297897,111,34401,,,
0.007856503129005432,111,34402,,,
0.015707407146692276,111,34403,,,
0.03449874371290207,111,34404,,,
0.008691259659826756,111,34405,,,
0.010766087099909782,111,34406,,,
0.0038823301438242197,111,34407,,,
0.018659189343452454,111,34408,,,
0.013251619413495064,111,34409,,,
0.0036582769826054573,111,34410,,,
0.014851205050945282,111,34411,,,
0.060741178691387177,111,34412,,,
0.030893582850694656,111,34413,,,
0.017567705363035202,111,34414,,,
0.008867839351296425,111,34415,,,
0.016725240275263786,111,34416,,,
0.014099438674747944,111,34417,,,
0.008022136986255646,111,34418,,,
0.014148126356303692,111,34419,,,
0.01685687154531479,111,34420,,,
0.012937298975884914,111,34421,,,
0.025336243212223053,111,34422,,,
0.009279987774789333,111,34423,,,
0.0416083000600338,111,34424,,,
0.006407035514712334,111,34425,,,
0.014259100891649723,111,34426,,,
0.006017774809151888,111,34427,,,
0.006221156567335129,111,34428,,,
0.015471121296286583,111,34429,,,
0.004688458517193794,111,34430,,,
0.02626926824450493,111,34431,,,
0.02444460801780224,111,34432,,,
0.01951748877763748,111,34433,,,
0.025136806070804596,111,34434,,,
0.005207927897572517,111,34435,,,
0.010597619228065014,111,34436,,,
0.0009296398493461311,111,34437,,,
0.016898145899176598,111,34438,,,
0.013247317634522915,111,34439,,,
0.024912558495998383,111,34440,,,
0.012904133647680283,111,34441,,,
0.009581172838807106,111,34442,,,
0.01734011434018612,111,34443,,,
0.016808584332466125,111,34444,,,
0.002207523910328746,111,34445,,,
0.018597304821014404,111,34446,,,
0.00804923102259636,111,34447,,,
0.008797908201813698,111,34448,,,
0.015386424027383327,111,34449,,,
0.007738843094557524,111,34450,,,
0.018651004880666733,111,34451,,,
0.0056225452572107315,111,34452,,,
0.009830312803387642,111,34453,,,
0.01404779963195324,111,34454,,,
0.007551980204880238,111,34455,,,
0.006913230754435062,111,34456,,,
0.01663622073829174,111,34457,,,
0.007969995029270649,111,34458,,,
0.0346708819270134,111,34459,,,
0.03512375429272652,111,34460,,,
0.00675435084849596,111,34461,,,
0.013609122484922409,111,34462,,,
0.003998293075710535,111,34463,,,
0.023844756186008453,111,34464,,,
0.013383081182837486,111,34465,,,
0.014391038566827774,111,34466,,,
0.01587604358792305,111,34467,,,
0.015180668793618679,111,34468,,,
0.01612647995352745,111,34469,,,
0.006470234598964453,111,34470,,,
0.005523529835045338,111,34471,,,
0.00786545779556036,111,34472,,,
0.027225185185670853,111,34473,,,
0.011383965611457825,111,34474,,,
0.01627015322446823,111,34475,,,
0.025723863393068314,111,34476,,,
0.009251153096556664,111,34477,,,
0.01552579365670681,111,34478,,,
0.005641552619636059,111,34479,,,
0.01850232668220997,111,34480,,,
0.017749466001987457,111,34481,,,
0.017488926649093628,111,34482,,,
0.013421567156910896,111,34483,,,
0.034464139491319656,111,34484,,,
0.015861928462982178,111,34485,,,
0.010529507882893085,111,34486,,,
0.011756758205592632,111,34487,,,
0.0033640172332525253,111,34488,,,
0.004030395299196243,111,34489,,,
0.015696562826633453,111,34490,,,
0.015534489415585995,111,34491,,,
0.018359936773777008,111,34492,,,
0.05512624233961105,111,34493,,,
0.01806069351732731,111,34494,,,
0.006379406899213791,111,34495,,,
0.012097380124032497,111,34496,,,
0.011811886914074421,111,34497,,,
0.023567765951156616,111,34498,,,
0.023731905966997147,112,34499,,,
0.030853942036628723,112,34500,,,
0.02860857918858528,112,34501,,,
0.012531347572803497,112,34502,,,
0.012080356478691101,112,34503,,,
0.00810964684933424,112,34504,,,
0.014096841216087341,112,34505,,,
0.006197993643581867,112,34506,,,
0.0024084323085844517,112,34507,,,
0.01571974903345108,112,34508,,,
0.008075087331235409,112,34509,,,
0.02516789361834526,112,34510,,,
0.007175820413976908,112,34511,,,
0.008764888159930706,112,34512,,,
0.0338180810213089,112,34513,,,
0.019998472183942795,112,34514,,,
0.02175186574459076,112,34515,,,
0.01720402203500271,112,34516,,,
0.029063329100608826,112,34517,,,
0.011438511312007904,112,34518,,,
0.01772436499595642,112,34519,,,
0.010504091158509254,112,34520,,,
0.014996939338743687,112,34521,,,
0.022335035726428032,112,34522,,,
0.015700943768024445,112,34523,,,
0.016052352264523506,112,34524,,,
0.007159166969358921,112,34525,,,
0.013533677905797958,112,34526,,,
0.0244411900639534,112,34527,,,
0.008885715156793594,112,34528,,,
0.03960806503891945,112,34529,,,
0.05824942886829376,112,34530,,,
0.014540191739797592,112,34531,,,
0.019052451476454735,112,34532,,,
0.010325371287763119,112,34533,,,
0.035410281270742416,112,34534,,,
0.011341911740601063,112,34535,,,
0.014684095978736877,112,34536,,,
0.017870180308818817,112,34537,,,
0.010141376405954361,112,34538,,,
0.010112324729561806,112,34539,,,
0.015044206753373146,112,34540,,,
0.012186603620648384,112,34541,,,
0.0034490940161049366,112,34542,,,
0.011718541383743286,112,34543,,,
0.0035791846457868814,112,34544,,,
0.007902621291577816,112,34545,,,
0.016064627096056938,112,34546,,,
0.008872992359101772,112,34547,,,
0.005785096436738968,112,34548,,,
0.015102105215191841,112,34549,,,
0.007593000307679176,112,34550,,,
0.040100742131471634,112,34551,,,
0.01538817398250103,112,34552,,,
0.011766403913497925,112,34553,,,
0.005570348352193832,112,34554,,,
0.008603150025010109,112,34555,,,
0.006359020713716745,112,34556,,,
0.0221315436065197,112,34557,,,
0.003920769318938255,112,34558,,,
0.010730070993304253,112,34559,,,
0.005723044741898775,112,34560,,,
0.0028877167496830225,112,34561,,,
0.01476304791867733,112,34562,,,
0.009281699545681477,112,34563,,,
0.005322947166860104,112,34564,,,
0.01275095995515585,112,34565,,,
0.01683434471487999,112,34566,,,
0.007800983265042305,112,34567,,,
0.028491772711277008,112,34568,,,
0.023992381989955902,112,34569,,,
0.009331291541457176,112,34570,,,
0.005182241089642048,112,34571,,,
0.011973620392382145,112,34572,,,
0.0002786983095575124,112,34573,,,
0.013102119788527489,112,34574,,,
0.005625812336802483,112,34575,,,
0.011326326057314873,112,34576,,,
0.01134643703699112,112,34577,,,
0.01736907660961151,112,34578,,,
0.010881645604968071,112,34579,,,
0.0030828756280243397,112,34580,,,
0.005212963093072176,112,34581,,,
0.022366797551512718,112,34582,,,
0.012066032737493515,112,34583,,,
0.009149865247309208,112,34584,,,
0.010446423664689064,112,34585,,,
0.010800283402204514,112,34586,,,
0.013130208477377892,112,34587,,,
0.00885783415287733,112,34588,,,
0.00516227912157774,112,34589,,,
0.021412570029497147,112,34590,,,
0.005142868030816317,112,34591,,,
0.004029853269457817,112,34592,,,
0.08689717948436737,112,34593,,,
0.010825268924236298,112,34594,,,
0.01447058841586113,112,34595,,,
0.008816981688141823,112,34596,,,
0.00625233631581068,112,34597,,,
0.05148772895336151,112,34598,,,
0.009861484169960022,112,34599,,,
0.008636235259473324,112,34600,,,
0.008774706162512302,112,34601,,,
0.0280082318931818,112,34602,,,
0.009035094641149044,112,34603,,,
0.0179123692214489,112,34604,,,
0.03171215578913689,112,34605,,,
0.014234596863389015,112,34606,,,
0.009248916059732437,112,34607,,,
0.0015588223468512297,112,34608,,,
0.0040100147016346455,112,34609,,,
0.01371013280004263,112,34610,,,
0.0023728427477180958,112,34611,,,
0.007966279983520508,112,34612,,,
0.01751171052455902,112,34613,,,
0.01860470324754715,112,34614,,,
0.010257125832140446,112,34615,,,
0.026545751839876175,112,34616,,,
0.010745848529040813,112,34617,,,
0.006712437607347965,112,34618,,,
0.029333919286727905,112,34619,,,
0.005750550888478756,112,34620,,,
0.010412439703941345,112,34621,,,
0.023837987333536148,112,34622,,,
0.0031077442690730095,112,34623,,,
0.004687952809035778,112,34624,,,
0.025065064430236816,112,34625,,,
0.008764149621129036,112,34626,,,
0.009269277565181255,112,34627,,,
0.008580246940255165,112,34628,,,
0.02332966774702072,112,34629,,,
0.015771081671118736,112,34630,,,
0.007479804567992687,112,34631,,,
0.010333392769098282,112,34632,,,
0.009578343480825424,112,34633,,,
0.01656891219317913,112,34634,,,
0.009620752185583115,112,34635,,,
0.003095385152846575,112,34636,,,
0.015798890963196754,112,34637,,,
0.010180010460317135,112,34638,,,
0.011489704251289368,112,34639,,,
0.016118183732032776,112,34640,,,
0.005893796682357788,112,34641,,,
0.0013187851291149855,112,34642,,,
0.008759492076933384,112,34643,,,
0.018628528341650963,112,34644,,,
0.01305401511490345,112,34645,,,
0.009059321135282516,112,34646,,,
0.007702437229454517,112,34647,,,
0.006701949052512646,112,34648,,,
0.00946772936731577,112,34649,,,
0.01620236597955227,112,34650,,,
0.013320401310920715,112,34651,,,
0.040173765271902084,112,34652,,,
0.004700843244791031,112,34653,,,
0.019486457109451294,112,34654,,,
0.010346200317144394,112,34655,,,
0.0030134201515465975,112,34656,,,
0.021579984575510025,112,34657,,,
0.020738737657666206,112,34658,,,
0.025046508759260178,112,34659,,,
0.015799282118678093,112,34660,,,
0.012841645628213882,112,34661,,,
0.026530634611845016,112,34662,,,
0.004261756781488657,112,34663,,,
0.014610996469855309,112,34664,,,
0.011856978759169579,112,34665,,,
0.02592560648918152,112,34666,,,
0.025862962007522583,112,34667,,,
0.09040793776512146,112,34668,,,
0.014136461541056633,112,34669,,,
0.031116170808672905,112,34670,,,
0.0073837656527757645,112,34671,,,
0.01522715575993061,112,34672,,,
0.005421282723546028,112,34673,,,
0.007232473231852055,112,34674,,,
0.005873851012438536,112,34675,,,
0.01284710317850113,112,34676,,,
0.009192469529807568,112,34677,,,
0.004718920215964317,112,34678,,,
0.010189171880483627,112,34679,,,
0.008550422266125679,112,34680,,,
0.007458494510501623,112,34681,,,
0.02203623577952385,112,34682,,,
0.012480268254876137,112,34683,,,
0.01379488967359066,112,34684,,,
0.005915346555411816,112,34685,,,
0.018656423315405846,112,34686,,,
0.02359139174222946,112,34687,,,
0.026217956095933914,112,34688,,,
0.01415258925408125,112,34689,,,
0.006762629374861717,112,34690,,,
0.02635061740875244,112,34691,,,
0.03224021568894386,112,34692,,,
0.013909386470913887,112,34693,,,
0.029223425313830376,112,34694,,,
0.00805184617638588,112,34695,,,
0.004253259859979153,112,34696,,,
0.007080015726387501,112,34697,,,
0.017376188188791275,112,34698,,,
0.01287471130490303,112,34699,,,
0.008056135848164558,112,34700,,,
0.0034304142463952303,112,34701,,,
0.0074569652788341045,112,34702,,,
0.03895515576004982,112,34703,,,
0.010411107912659645,112,34704,,,
0.041796304285526276,112,34705,,,
0.01904052123427391,112,34706,,,
0.006340340711176395,112,34707,,,
0.007717738393694162,112,34708,,,
0.005943005904555321,112,34709,,,
0.02332676574587822,112,34710,,,
0.0017594057135283947,112,34711,,,
0.0061261653900146484,112,34712,,,
0.006442250683903694,112,34713,,,
0.006798231974244118,112,34714,,,
0.006457434967160225,112,34715,,,
0.06210768222808838,112,34716,,,
0.00842005480080843,112,34717,,,
0.008032063953578472,112,34718,,,
0.01177999284118414,112,34719,,,
0.0036284748930484056,112,34720,,,
0.00837906077504158,112,34721,,,
0.014081554487347603,112,34722,,,
0.007621878758072853,112,34723,,,
0.009841956198215485,112,34724,,,
0.009139997884631157,112,34725,,,
0.021932091563940048,112,34726,,,
0.0014805963728576899,112,34727,,,
0.03726242110133171,112,34728,,,
0.021699251607060432,112,34729,,,
0.004840194713324308,112,34730,,,
0.009948855265974998,112,34731,,,
0.009823924861848354,112,34732,,,
0.01712428778409958,112,34733,,,
0.006187721621245146,112,34734,,,
0.012094859033823013,112,34735,,,
0.01032259315252304,112,34736,,,
0.013939723372459412,112,34737,,,
0.02190844528377056,112,34738,,,
0.008085296489298344,112,34739,,,
0.013313913717865944,112,34740,,,
0.027645932510495186,112,34741,,,
0.012403643690049648,112,34742,,,
0.014615306630730629,112,34743,,,
0.014351170510053635,112,34744,,,
0.013300550170242786,112,34745,,,
0.016359547153115273,112,34746,,,
0.008178270421922207,112,34747,,,
0.005214187316596508,112,34748,,,
0.01510485541075468,112,34749,,,
0.014685366302728653,112,34750,,,
0.010695431381464005,112,34751,,,
0.014984186738729477,112,34752,,,
0.010638957843184471,112,34753,,,
0.011109034530818462,112,34754,,,
0.04850001633167267,112,34755,,,
0.03285302594304085,112,34756,,,
0.016044393181800842,112,34757,,,
0.012769028544425964,112,34758,,,
0.00015054308460094035,112,34759,,,
0.005345307756215334,112,34760,,,
0.023301636800169945,112,34761,,,
0.009158012457191944,112,34762,,,
0.0152204604819417,112,34763,,,
0.005560651421546936,112,34764,,,
0.04364129900932312,112,34765,,,
0.023272987455129623,112,34766,,,
0.009795771911740303,112,34767,,,
0.010540706105530262,112,34768,,,
0.010591386817395687,112,34769,,,
0.02832217328250408,112,34770,,,
0.019106389954686165,112,34771,,,
0.012551448307931423,112,34772,,,
0.04997459053993225,112,34773,,,
0.0157058984041214,112,34774,,,
0.016610994935035706,112,34775,,,
0.005280060227960348,112,34776,,,
0.010497922077775002,112,34777,,,
0.024366850033402443,112,34778,,,
0.060812413692474365,112,34779,,,
0.015966380015015602,112,34780,,,
0.006521799601614475,112,34781,,,
0.0053453585132956505,112,34782,,,
0.02236524038016796,112,34783,,,
0.02544284611940384,112,34784,,,
0.039864882826805115,112,34785,,,
0.013374729081988335,112,34786,,,
0.011932509019970894,112,34787,,,
0.00923751387745142,112,34788,,,
0.013604503124952316,112,34789,,,
0.04184188321232796,112,34790,,,
0.008650902658700943,112,34791,,,
0.01891094446182251,112,34792,,,
0.034740302711725235,112,34793,,,
0.01588289439678192,112,34794,,,
0.01053661946207285,112,34795,,,
0.0036212443374097347,112,34796,,,
0.012613529339432716,112,34797,,,
0.018429653719067574,112,34798,,,
0.011018702760338783,112,34799,,,
0.0031803855672478676,112,34800,,,
0.012006167322397232,112,34801,,,
0.008143743500113487,112,34802,,,
0.007101820781826973,112,34803,,,
0.021454714238643646,112,34804,,,
0.01700771041214466,112,34805,,,
0.009082655422389507,112,34806,,,
0.02096519246697426,112,34807,,,
0.0028467467054724693,113,34808,,,
0.02679944969713688,113,34809,,,
0.005993487313389778,113,34810,,,
0.011453759856522083,113,34811,,,
0.014166789129376411,113,34812,,,
0.005565882660448551,113,34813,,,
0.005676472093909979,113,34814,,,
0.00299835461191833,113,34815,,,
0.0042305137030780315,113,34816,,,
0.03133205696940422,113,34817,,,
0.010533257387578487,113,34818,,,
0.008527298457920551,113,34819,,,
0.004481060430407524,113,34820,,,
0.009835456497967243,113,34821,,,
0.009717512875795364,113,34822,,,
0.006666987203061581,113,34823,,,
0.006590224802494049,113,34824,,,
0.02236655354499817,113,34825,,,
0.011939214542508125,113,34826,,,
0.008314021863043308,113,34827,,,
0.009830023162066936,113,34828,,,
0.0052718427032232285,113,34829,,,
0.019670862704515457,113,34830,,,
0.010858634486794472,113,34831,,,
0.016889475286006927,113,34832,,,
0.014140021987259388,113,34833,,,
0.01267199032008648,113,34834,,,
0.03182857856154442,113,34835,,,
0.01811823807656765,113,34836,,,
0.009293172508478165,113,34837,,,
0.0049860370345413685,113,34838,,,
0.01726137101650238,113,34839,,,
0.01458033174276352,113,34840,,,
0.011923998594284058,113,34841,,,
0.016619231551885605,113,34842,,,
0.01140874344855547,113,34843,,,
0.029657861217856407,113,34844,,,
0.005647052079439163,113,34845,,,
0.04421402886509895,113,34846,,,
0.008394891396164894,113,34847,,,
0.02309374324977398,113,34848,,,
0.011949402280151844,113,34849,,,
0.011160606518387794,113,34850,,,
0.03631795197725296,113,34851,,,
0.01761852577328682,113,34852,,,
0.004001946188509464,113,34853,,,
0.013648729771375656,113,34854,,,
0.020452557131648064,113,34855,,,
0.023718442767858505,113,34856,,,
0.01767633855342865,113,34857,,,
0.026401914656162262,113,34858,,,
0.005185514688491821,113,34859,,,
0.007193109951913357,113,34860,,,
0.023649118840694427,113,34861,,,
0.01290640328079462,113,34862,,,
0.008090482093393803,113,34863,,,
0.0031676164362579584,113,34864,,,
0.010160870850086212,113,34865,,,
0.03212270885705948,113,34866,,,
0.007751388009637594,113,34867,,,
0.01808939501643181,113,34868,,,
0.006156314164400101,113,34869,,,
0.048176564276218414,113,34870,,,
0.025738399475812912,113,34871,,,
0.019354555755853653,113,34872,,,
0.005962890572845936,113,34873,,,
0.006851972546428442,113,34874,,,
0.018285708501935005,113,34875,,,
0.029695900157094002,113,34876,,,
0.0138128362596035,113,34877,,,
0.03980233892798424,113,34878,,,
0.01817786507308483,113,34879,,,
0.006327982991933823,113,34880,,,
0.01799711398780346,113,34881,,,
0.008095021359622478,113,34882,,,
0.0070307389833033085,113,34883,,,
0.011071167886257172,113,34884,,,
0.005456203129142523,113,34885,,,
0.02730371057987213,113,34886,,,
0.013429460115730762,113,34887,,,
0.012191841378808022,113,34888,,,
0.014059053733944893,113,34889,,,
0.004362937994301319,113,34890,,,
0.03707064315676689,113,34891,,,
0.01093333214521408,113,34892,,,
0.005375989712774754,113,34893,,,
0.014862997457385063,113,34894,,,
0.014239656738936901,113,34895,,,
0.01333780586719513,113,34896,,,
0.019809916615486145,113,34897,,,
0.026560524478554726,113,34898,,,
0.015531681478023529,113,34899,,,
0.006639409810304642,113,34900,,,
0.0069854771718382835,113,34901,,,
0.04603473097085953,113,34902,,,
0.05600164458155632,113,34903,,,
0.011780817061662674,113,34904,,,
0.008038178086280823,113,34905,,,
0.011064238846302032,113,34906,,,
0.009111962281167507,113,34907,,,
0.02499193325638771,113,34908,,,
0.034248076379299164,113,34909,,,
0.012554233893752098,113,34910,,,
0.035667356103658676,113,34911,,,
0.020005546510219574,113,34912,,,
0.02046475186944008,113,34913,,,
0.027870308607816696,113,34914,,,
0.011452754028141499,113,34915,,,
0.005438488908112049,113,34916,,,
0.006682948675006628,113,34917,,,
0.007949147373437881,113,34918,,,
0.010654712095856667,113,34919,,,
0.009792061522603035,113,34920,,,
0.009169969707727432,113,34921,,,
0.00805248785763979,113,34922,,,
0.014379819855093956,113,34923,,,
0.016576893627643585,113,34924,,,
0.02794124186038971,113,34925,,,
0.010967177338898182,113,34926,,,
0.0183144249022007,113,34927,,,
0.010997368022799492,113,34928,,,
0.0314478799700737,113,34929,,,
0.007094160653650761,113,34930,,,
0.003366356249898672,113,34931,,,
0.0026634710375219584,113,34932,,,
0.008359527215361595,113,34933,,,
0.0012640466447919607,113,34934,,,
0.02414054051041603,113,34935,,,
0.01873903162777424,113,34936,,,
0.005356979556381702,113,34937,,,
0.005618765018880367,113,34938,,,
0.019032610580325127,113,34939,,,
0.007022067438811064,113,34940,,,
0.018692709505558014,113,34941,,,
0.00437938654795289,113,34942,,,
0.010572687722742558,113,34943,,,
0.005225135944783688,113,34944,,,
0.010140168480575085,113,34945,,,
0.016962725669145584,113,34946,,,
0.01852080225944519,113,34947,,,
0.0038325374480336905,113,34948,,,
0.026272688060998917,113,34949,,,
0.01843377947807312,113,34950,,,
0.011138999834656715,113,34951,,,
0.006221934221684933,113,34952,,,
0.010241707786917686,113,34953,,,
0.023874279111623764,113,34954,,,
0.015240339562296867,113,34955,,,
0.022251557558774948,113,34956,,,
0.008236239664256573,113,34957,,,
0.004923359490931034,113,34958,,,
0.026556674391031265,113,34959,,,
0.012663926929235458,113,34960,,,
0.008444231003522873,113,34961,,,
0.0035521285608410835,113,34962,,,
0.005643152631819248,113,34963,,,
0.00811007060110569,113,34964,,,
0.001407578936778009,113,34965,,,
0.003866753075271845,113,34966,,,
0.01723119616508484,113,34967,,,
0.015601996332406998,113,34968,,,
0.0075927069410681725,113,34969,,,
0.004134133458137512,113,34970,,,
0.014128336682915688,113,34971,,,
0.018035627901554108,113,34972,,,
0.016748938709497452,113,34973,,,
0.020234206691384315,113,34974,,,
0.0032863118685781956,113,34975,,,
0.056953463703393936,113,34976,,,
0.06801054626703262,113,34977,,,
0.009655321948230267,113,34978,,,
0.012785375118255615,113,34979,,,
0.009927958250045776,113,34980,,,
0.010071011260151863,113,34981,,,
0.03273091837763786,113,34982,,,
0.020453985780477524,113,34983,,,
0.026289314031600952,113,34984,,,
0.01902814581990242,113,34985,,,
0.004478731658309698,113,34986,,,
0.004461410455405712,113,34987,,,
0.01328696683049202,113,34988,,,
0.01675424538552761,113,34989,,,
0.012355068698525429,113,34990,,,
0.03798655420541763,113,34991,,,
0.004206633195281029,113,34992,,,
0.008144928142428398,113,34993,,,
0.011742353439331055,113,34994,,,
0.0063962191343307495,113,34995,,,
0.026581590995192528,113,34996,,,
0.02911512926220894,113,34997,,,
0.023895930498838425,113,34998,,,
0.007481098175048828,113,34999,,,
0.03039839118719101,113,35000,,,
0.011579541489481926,113,35001,,,
0.017739836126565933,113,35002,,,
0.004216468892991543,113,35003,,,
0.007023001555353403,113,35004,,,
0.00591710489243269,113,35005,,,
0.04327690973877907,113,35006,,,
0.005700727459043264,113,35007,,,
0.01766747236251831,113,35008,,,
0.0031770337373018265,113,35009,,,
0.004999329335987568,113,35010,,,
0.020040564239025116,113,35011,,,
0.01211293414235115,113,35012,,,
0.011789893731474876,113,35013,,,
0.04415522515773773,113,35014,,,
0.01695237308740616,113,35015,,,
0.006281384266912937,113,35016,,,
0.01962530054152012,113,35017,,,
0.004081030376255512,113,35018,,,
0.012231143191456795,113,35019,,,
0.045888751745224,113,35020,,,
0.026531217619776726,113,35021,,,
0.01434378419071436,113,35022,,,
0.010661113075911999,113,35023,,,
0.0158952996134758,113,35024,,,
0.002306226408109069,113,35025,,,
0.005429442971944809,113,35026,,,
0.013541647233068943,113,35027,,,
0.005290437024086714,113,35028,,,
0.00895812176167965,113,35029,,,
0.010295296087861061,113,35030,,,
0.0037834709510207176,113,35031,,,
0.0131373330950737,113,35032,,,
0.04044350981712341,113,35033,,,
0.00539446109905839,113,35034,,,
0.015432469546794891,113,35035,,,
0.012489613145589828,113,35036,,,
0.009665983729064465,113,35037,,,
0.01100894808769226,113,35038,,,
0.008529461920261383,113,35039,,,
0.021327627822756767,113,35040,,,
0.011461827903985977,113,35041,,,
0.011009292677044868,113,35042,,,
0.034842077642679214,113,35043,,,
0.059284258633852005,113,35044,,,
0.020221669226884842,113,35045,,,
0.009059314616024494,113,35046,,,
0.004281081724911928,113,35047,,,
0.01835770532488823,113,35048,,,
0.01088791899383068,113,35049,,,
0.02385101281106472,113,35050,,,
0.025197897106409073,113,35051,,,
0.014173678122460842,113,35052,,,
0.012867497280240059,113,35053,,,
0.017232222482562065,113,35054,,,
0.004221734125167131,113,35055,,,
0.004413596820086241,113,35056,,,
0.014994136989116669,113,35057,,,
0.027750976383686066,113,35058,,,
0.012599736452102661,113,35059,,,
0.00443793972954154,113,35060,,,
0.035780683159828186,113,35061,,,
0.005938465241342783,113,35062,,,
0.018970364704728127,113,35063,,,
0.01374051347374916,113,35064,,,
0.010781938210129738,113,35065,,,
0.022497473284602165,113,35066,,,
0.0053010061383247375,113,35067,,,
0.009116113185882568,113,35068,,,
0.036188483238220215,113,35069,,,
0.010962110012769699,113,35070,,,
0.016684940084815025,113,35071,,,
0.013486634939908981,113,35072,,,
0.02255597524344921,113,35073,,,
0.019506866112351418,113,35074,,,
0.029077334329485893,113,35075,,,
0.0146894920617342,113,35076,,,
0.006107495166361332,113,35077,,,
0.019285773858428,113,35078,,,
0.018930066376924515,113,35079,,,
0.01469413936138153,113,35080,,,
0.013041265308856964,113,35081,,,
0.019915835931897163,113,35082,,,
0.01832641288638115,113,35083,,,
0.06426884233951569,113,35084,,,
0.032376427203416824,113,35085,,,
0.015910420566797256,113,35086,,,
0.017095834016799927,113,35087,,,
0.026102803647518158,113,35088,,,
0.031627409160137177,113,35089,,,
0.015921426936984062,113,35090,,,
0.014628957957029343,113,35091,,,
0.005443449132144451,113,35092,,,
0.009202929213643074,113,35093,,,
0.015488885343074799,113,35094,,,
0.00961065199226141,113,35095,,,
0.009494416415691376,113,35096,,,
0.01372553501278162,113,35097,,,
0.1029573380947113,113,35098,,,
0.00757336150854826,113,35099,,,
0.03592772036790848,113,35100,,,
0.010400036349892616,113,35101,,,
0.005105384159833193,113,35102,,,
0.036033667623996735,113,35103,,,
0.010742776095867157,113,35104,,,
0.006642250344157219,113,35105,,,
0.011072185821831226,113,35106,,,
0.0254929531365633,113,35107,,,
0.022304177284240723,113,35108,,,
0.0029747551307082176,113,35109,,,
0.039705634117126465,113,35110,,,
0.014530006796121597,113,35111,,,
0.02635755017399788,113,35112,,,
0.035336386412382126,113,35113,,,
0.007310659624636173,113,35114,,,
0.026362046599388123,113,35115,,,
0.005213427823036909,114,35116,,,
0.011847143992781639,114,35117,,,
0.0279974564909935,114,35118,,,
0.004018380772322416,114,35119,,,
0.01922035403549671,114,35120,,,
0.01070475298911333,114,35121,,,
0.006493612192571163,114,35122,,,
0.011889690533280373,114,35123,,,
0.010279708541929722,114,35124,,,
0.054778654128313065,114,35125,,,
0.034387607127428055,114,35126,,,
0.012547694146633148,114,35127,,,
0.007078266702592373,114,35128,,,
0.01845504343509674,114,35129,,,
0.003289504675194621,114,35130,,,
0.008837258443236351,114,35131,,,
0.028624454513192177,114,35132,,,
0.01958438754081726,114,35133,,,
0.008748594671487808,114,35134,,,
0.011336004361510277,114,35135,,,
0.017065268009901047,114,35136,,,
0.0030317618511617184,114,35137,,,
0.04050205647945404,114,35138,,,
0.02778717316687107,114,35139,,,
0.004929059185087681,114,35140,,,
0.04232431948184967,114,35141,,,
0.01000385545194149,114,35142,,,
0.01145261898636818,114,35143,,,
0.034546926617622375,114,35144,,,
0.009713872335851192,114,35145,,,
0.011838411912322044,114,35146,,,
0.02011793665587902,114,35147,,,
0.020738940685987473,114,35148,,,
0.0186618659645319,114,35149,,,
0.002998980926349759,114,35150,,,
0.01517985574901104,114,35151,,,
0.0073753846809268,114,35152,,,
0.013795923441648483,114,35153,,,
0.010514875873923302,114,35154,,,
0.018027735874056816,114,35155,,,
0.005062677897512913,114,35156,,,
0.011603648774325848,114,35157,,,
0.021619997918605804,114,35158,,,
0.01300897914916277,114,35159,,,
0.00435989536345005,114,35160,,,
0.006876158528029919,114,35161,,,
0.010957317426800728,114,35162,,,
0.006917690858244896,114,35163,,,
0.0016217988450080156,114,35164,,,
0.01260136067867279,114,35165,,,
0.006471207365393639,114,35166,,,
0.0026815966702997684,114,35167,,,
0.038937196135520935,114,35168,,,
0.022557469084858894,114,35169,,,
0.010811538435518742,114,35170,,,
0.0020339463371783495,114,35171,,,
0.011136706918478012,114,35172,,,
0.017242377623915672,114,35173,,,
0.016114406287670135,114,35174,,,
0.01605421118438244,114,35175,,,
0.01632234826683998,114,35176,,,
0.007315306458622217,114,35177,,,
0.017792675644159317,114,35178,,,
0.032146815210580826,114,35179,,,
0.011250839568674564,114,35180,,,
0.009488098323345184,114,35181,,,
0.02253810130059719,114,35182,,,
0.025638483464717865,114,35183,,,
0.005649231374263763,114,35184,,,
0.01221874263137579,114,35185,,,
0.008414572104811668,114,35186,,,
0.012600593268871307,114,35187,,,
0.008807907812297344,114,35188,,,
0.02365601435303688,114,35189,,,
0.005592744797468185,114,35190,,,
0.015951339155435562,114,35191,,,
0.007499265018850565,114,35192,,,
0.017863400280475616,114,35193,,,
0.002894827164709568,114,35194,,,
0.01242922991514206,114,35195,,,
0.003061299677938223,114,35196,,,
0.06276683509349823,114,35197,,,
0.008755643852055073,114,35198,,,
0.02355596050620079,114,35199,,,
0.022144217044115067,114,35200,,,
0.004960129037499428,114,35201,,,
0.01100926473736763,114,35202,,,
0.005340795964002609,114,35203,,,
0.024002619087696075,114,35204,,,
0.020522862672805786,114,35205,,,
0.01629185862839222,114,35206,,,
0.011338593438267708,114,35207,,,
0.022528067231178284,114,35208,,,
0.03557548671960831,114,35209,,,
0.020308397710323334,114,35210,,,
0.04231376200914383,114,35211,,,
0.011022303253412247,114,35212,,,
0.009477788582444191,114,35213,,,
0.005979614332318306,114,35214,,,
0.011014500632882118,114,35215,,,
0.010451744310557842,114,35216,,,
0.025577474385499954,114,35217,,,
0.007976904511451721,114,35218,,,
0.02084370329976082,114,35219,,,
0.024209292605519295,114,35220,,,
0.01581316813826561,114,35221,,,
0.03703368827700615,114,35222,,,
0.013709777034819126,114,35223,,,
0.005041884258389473,114,35224,,,
0.020335430279374123,114,35225,,,
0.02223571389913559,114,35226,,,
0.00699551310390234,114,35227,,,
0.018366165459156036,114,35228,,,
0.02714790217578411,114,35229,,,
0.004421009682118893,114,35230,,,
0.02250685915350914,114,35231,,,
0.012378493323922157,114,35232,,,
0.018394356593489647,114,35233,,,
0.0033032563515007496,114,35234,,,
0.0026207962073385715,114,35235,,,
0.010783962905406952,114,35236,,,
0.019560474902391434,114,35237,,,
0.02550480142235756,114,35238,,,
0.01186714693903923,114,35239,,,
0.021665209904313087,114,35240,,,
0.00916437990963459,114,35241,,,
0.024682333692908287,114,35242,,,
0.010672503150999546,114,35243,,,
0.014927471987903118,114,35244,,,
0.023464694619178772,114,35245,,,
0.008169645443558693,114,35246,,,
0.0026626300532370806,114,35247,,,
0.02756422758102417,114,35248,,,
0.017934178933501244,114,35249,,,
0.00772507581859827,114,35250,,,
0.019593724980950356,114,35251,,,
0.004056789446622133,114,35252,,,
0.02607756480574608,114,35253,,,
0.008821646682918072,114,35254,,,
0.05844462662935257,114,35255,,,
0.018058987334370613,114,35256,,,
0.01156504824757576,114,35257,,,
0.008842907845973969,114,35258,,,
0.006842811591923237,114,35259,,,
0.008882944472134113,114,35260,,,
0.006254022475332022,114,35261,,,
0.00454721599817276,114,35262,,,
0.009025097824633121,114,35263,,,
0.004919423721730709,114,35264,,,
0.01155566144734621,114,35265,,,
0.029597843065857887,114,35266,,,
0.011394575238227844,114,35267,,,
0.007651356980204582,114,35268,,,
0.008787008002400398,114,35269,,,
0.06304164230823517,114,35270,,,
0.00866206455975771,114,35271,,,
0.0132715729996562,114,35272,,,
0.008018421940505505,114,35273,,,
0.010262159630656242,114,35274,,,
0.05837748944759369,114,35275,,,
0.009747439064085484,114,35276,,,
0.02032352425158024,114,35277,,,
0.030187487602233887,114,35278,,,
0.0033921690192073584,114,35279,,,
0.030788086354732513,114,35280,,,
0.01057552732527256,114,35281,,,
0.009485555812716484,114,35282,,,
0.003988799173384905,114,35283,,,
0.007278985343873501,114,35284,,,
0.03559238091111183,114,35285,,,
0.01836223527789116,114,35286,,,
0.0386604480445385,114,35287,,,
0.011949785053730011,114,35288,,,
0.024421604350209236,114,35289,,,
0.07728427648544312,114,35290,,,
0.010928665287792683,114,35291,,,
0.00593313155695796,114,35292,,,
0.007921653799712658,114,35293,,,
0.006004473194479942,114,35294,,,
0.008140020072460175,114,35295,,,
0.014368369244039059,114,35296,,,
0.011875438503921032,114,35297,,,
0.012670421972870827,114,35298,,,
0.034890033304691315,114,35299,,,
0.00926186889410019,114,35300,,,
0.010419470258057117,114,35301,,,
0.016368478536605835,114,35302,,,
0.013828208670020103,114,35303,,,
0.004389581270515919,114,35304,,,
0.009032370522618294,114,35305,,,
0.033645033836364746,114,35306,,,
0.018455231562256813,114,35307,,,
0.018376549705863,114,35308,,,
0.018314504995942116,114,35309,,,
0.004992126487195492,114,35310,,,
0.014990650117397308,114,35311,,,
0.015938550233840942,114,35312,,,
0.010391456075012684,114,35313,,,
0.009320855140686035,114,35314,,,
0.005221450701355934,114,35315,,,
0.013119254261255264,114,35316,,,
0.003351503750309348,114,35317,,,
0.025746455416083336,114,35318,,,
0.011497761122882366,114,35319,,,
0.010001284070312977,114,35320,,,
0.00920000858604908,114,35321,,,
0.0013409808743745089,114,35322,,,
0.005884325131773949,114,35323,,,
0.0007236667443066835,114,35324,,,
0.008167650550603867,114,35325,,,
0.056365445256233215,114,35326,,,
0.006196366623044014,114,35327,,,
0.014580098912119865,114,35328,,,
0.011533677577972412,114,35329,,,
0.025553088635206223,114,35330,,,
0.019553598016500473,114,35331,,,
0.014478899538516998,114,35332,,,
0.025351744145154953,114,35333,,,
0.0203874409198761,114,35334,,,
0.01128645334392786,114,35335,,,
0.03764154762029648,114,35336,,,
0.008648896589875221,114,35337,,,
0.005199413746595383,114,35338,,,
0.02222483791410923,114,35339,,,
0.005807715933769941,114,35340,,,
0.0030513941310346127,114,35341,,,
0.01644739881157875,114,35342,,,
0.006406491622328758,114,35343,,,
0.015525266528129578,114,35344,,,
0.01886615715920925,114,35345,,,
0.01722743734717369,114,35346,,,
0.002556448569521308,114,35347,,,
0.019689835608005524,114,35348,,,
0.018999949097633362,114,35349,,,
0.018710928037762642,114,35350,,,
0.011191336438059807,114,35351,,,
0.014456940814852715,114,35352,,,
0.004445662721991539,114,35353,,,
0.019666261970996857,114,35354,,,
0.012354213744401932,114,35355,,,
0.006277068983763456,114,35356,,,
0.0022640014067292213,114,35357,,,
0.003508161287754774,114,35358,,,
0.013006515800952911,114,35359,,,
0.010403611697256565,114,35360,,,
0.006616875529289246,114,35361,,,
0.007379548158496618,114,35362,,,
0.024441327899694443,114,35363,,,
0.0065035284496843815,114,35364,,,
0.023856187239289284,114,35365,,,
0.009280258789658546,114,35366,,,
0.019135871902108192,114,35367,,,
0.0037254290655255318,114,35368,,,
0.01824316941201687,114,35369,,,
0.019463133066892624,114,35370,,,
0.013602517545223236,114,35371,,,
0.004016359336674213,114,35372,,,
0.011106438934803009,114,35373,,,
0.02072233334183693,114,35374,,,
0.020727913826704025,114,35375,,,
0.030393775552511215,114,35376,,,
0.006096122786402702,114,35377,,,
0.01742386631667614,114,35378,,,
0.012431509792804718,114,35379,,,
0.012731069698929787,114,35380,,,
0.013264626264572144,114,35381,,,
0.004688504617661238,114,35382,,,
0.004655285272747278,114,35383,,,
0.011565196327865124,114,35384,,,
0.02235899120569229,114,35385,,,
0.007712919265031815,114,35386,,,
0.027689620852470398,114,35387,,,
0.015317455865442753,114,35388,,,
0.009381423704326153,114,35389,,,
0.01643265224993229,114,35390,,,
0.009923025965690613,114,35391,,,
0.05192537233233452,114,35392,,,
0.014409739524126053,114,35393,,,
0.019614202901721,114,35394,,,
0.030309287831187248,114,35395,,,
0.05723188444972038,114,35396,,,
0.021689902991056442,114,35397,,,
0.011400582268834114,114,35398,,,
0.013562698848545551,114,35399,,,
0.011075601913034916,114,35400,,,
0.006430337205529213,114,35401,,,
0.018684089183807373,114,35402,,,
0.06701776385307312,114,35403,,,
0.011970894411206245,114,35404,,,
0.01727643609046936,114,35405,,,
0.013501553796231747,114,35406,,,
0.013679021038115025,114,35407,,,
0.011358835734426975,114,35408,,,
0.02425704151391983,114,35409,,,
0.017597541213035583,114,35410,,,
0.013741603121161461,114,35411,,,
0.011325839906930923,114,35412,,,
0.009402813389897346,114,35413,,,
0.015192827209830284,114,35414,,,
0.0011793558951467276,114,35415,,,
0.01719045452773571,114,35416,,,
0.020877409726381302,114,35417,,,
0.013704469427466393,114,35418,,,
0.005968672689050436,115,35419,,,
0.013927784748375416,115,35420,,,
0.0011525623267516494,115,35421,,,
0.004958043340593576,115,35422,,,
0.013195591047406197,115,35423,,,
0.005122371017932892,115,35424,,,
0.008415879681706429,115,35425,,,
0.0025528501719236374,115,35426,,,
0.024746106937527657,115,35427,,,
0.013534722849726677,115,35428,,,
0.019170556217432022,115,35429,,,
0.006128178909420967,115,35430,,,
0.02280205860733986,115,35431,,,
0.05274586379528046,115,35432,,,
0.012092478573322296,115,35433,,,
0.014159377664327621,115,35434,,,
0.006842378526926041,115,35435,,,
0.011972172185778618,115,35436,,,
0.009513268247246742,115,35437,,,
0.014508534222841263,115,35438,,,
0.030377931892871857,115,35439,,,
0.010802819393575191,115,35440,,,
0.007629065774381161,115,35441,,,
0.0024578578304499388,115,35442,,,
0.008664187043905258,115,35443,,,
0.012887992896139622,115,35444,,,
0.005978824570775032,115,35445,,,
0.008681176230311394,115,35446,,,
0.012071507051587105,115,35447,,,
0.00968429259955883,115,35448,,,
0.014850450679659843,115,35449,,,
0.005042665638029575,115,35450,,,
0.022843535989522934,115,35451,,,
0.016767047345638275,115,35452,,,
0.014742594212293625,115,35453,,,
0.02776797115802765,115,35454,,,
0.009458637796342373,115,35455,,,
0.013576995581388474,115,35456,,,
0.018329598009586334,115,35457,,,
0.010843095369637012,115,35458,,,
0.002449674066156149,115,35459,,,
0.009258555248379707,115,35460,,,
0.02430182509124279,115,35461,,,
0.00660786684602499,115,35462,,,
0.016225731000304222,115,35463,,,
0.012090732343494892,115,35464,,,
0.003629162907600403,115,35465,,,
0.014475435018539429,115,35466,,,
0.012176482006907463,115,35467,,,
0.012819482013583183,115,35468,,,
0.01670791395008564,115,35469,,,
0.0011360192438587546,115,35470,,,
0.019053369760513306,115,35471,,,
0.010205527767539024,115,35472,,,
0.008383067324757576,115,35473,,,
0.006115664727985859,115,35474,,,
0.015250085853040218,115,35475,,,
0.013194678351283073,115,35476,,,
0.008945156820118427,115,35477,,,
0.012561642564833164,115,35478,,,
0.002392356749624014,115,35479,,,
0.010684391483664513,115,35480,,,
0.013700883835554123,115,35481,,,
0.01052673626691103,115,35482,,,
0.006900289561599493,115,35483,,,
0.006960729137063026,115,35484,,,
0.024712350219488144,115,35485,,,
0.024769926443696022,115,35486,,,
0.010280364193022251,115,35487,,,
0.024910084903240204,115,35488,,,
0.0022549480199813843,115,35489,,,
0.02554507553577423,115,35490,,,
0.014453602023422718,115,35491,,,
0.012853220105171204,115,35492,,,
0.0027007153257727623,115,35493,,,
0.007604118436574936,115,35494,,,
0.00962910521775484,115,35495,,,
0.013171331956982613,115,35496,,,
0.022805435582995415,115,35497,,,
0.012085859663784504,115,35498,,,
0.008094185031950474,115,35499,,,
0.022641722112894058,115,35500,,,
0.015818621963262558,115,35501,,,
0.018886379897594452,115,35502,,,
0.017535850405693054,115,35503,,,
0.024864420294761658,115,35504,,,
0.008274024352431297,115,35505,,,
0.014459487050771713,115,35506,,,
0.014640159904956818,115,35507,,,
0.007587275933474302,115,35508,,,
0.005808427929878235,115,35509,,,
0.018949173390865326,115,35510,,,
0.006572256796061993,115,35511,,,
0.02315220609307289,115,35512,,,
0.01564536988735199,115,35513,,,
0.007451906800270081,115,35514,,,
0.02789679542183876,115,35515,,,
0.018336255103349686,115,35516,,,
0.010955102741718292,115,35517,,,
0.03190800920128822,115,35518,,,
0.005557315424084663,115,35519,,,
0.018908245489001274,115,35520,,,
0.007433554157614708,115,35521,,,
0.03178474307060242,115,35522,,,
0.017397724092006683,115,35523,,,
0.01442757062613964,115,35524,,,
0.0037258206866681576,115,35525,,,
0.02185681462287903,115,35526,,,
0.003146903123706579,115,35527,,,
0.011783689260482788,115,35528,,,
0.016187652945518494,115,35529,,,
0.006486168131232262,115,35530,,,
0.026588164269924164,115,35531,,,
0.007290861569344997,115,35532,,,
0.013892494142055511,115,35533,,,
0.010796193964779377,115,35534,,,
0.007212158292531967,115,35535,,,
0.025342661887407303,115,35536,,,
0.01877206191420555,115,35537,,,
0.009510142728686333,115,35538,,,
0.010905693285167217,115,35539,,,
0.009411466307938099,115,35540,,,
0.008822992444038391,115,35541,,,
0.008126422762870789,115,35542,,,
0.01209494099020958,115,35543,,,
0.011458600871264935,115,35544,,,
0.0005267519736662507,115,35545,,,
0.009763825684785843,115,35546,,,
0.011376920156180859,115,35547,,,
0.007213879376649857,115,35548,,,
0.015994133427739143,115,35549,,,
0.02802462875843048,115,35550,,,
0.04062200337648392,115,35551,,,
0.021258646622300148,115,35552,,,
0.009788923896849155,115,35553,,,
0.011874683201313019,115,35554,,,
0.007870489731431007,115,35555,,,
0.013689883053302765,115,35556,,,
0.0073338458314538,115,35557,,,
0.005755004473030567,115,35558,,,
0.012644963338971138,115,35559,,,
0.010153505951166153,115,35560,,,
0.00541545357555151,115,35561,,,
0.020018205046653748,115,35562,,,
0.013281470164656639,115,35563,,,
0.013584552332758904,115,35564,,,
0.010978344827890396,115,35565,,,
0.028266962617635727,115,35566,,,
0.0028656451031565666,115,35567,,,
0.0024890273343771696,115,35568,,,
0.022228002548217773,115,35569,,,
0.025708429515361786,115,35570,,,
0.003974004182964563,115,35571,,,
0.010106153786182404,115,35572,,,
0.03773876279592514,115,35573,,,
0.012193807400763035,115,35574,,,
0.017804168164730072,115,35575,,,
0.023396385833621025,115,35576,,,
0.008717580698430538,115,35577,,,
0.003545437240973115,115,35578,,,
0.01992291957139969,115,35579,,,
0.004243915900588036,115,35580,,,
0.012117045931518078,115,35581,,,
0.018145954236388206,115,35582,,,
0.02922060713171959,115,35583,,,
0.006072730291634798,115,35584,,,
0.03693047910928726,115,35585,,,
0.030935876071453094,115,35586,,,
0.020411208271980286,115,35587,,,
0.02887144312262535,115,35588,,,
0.021485934033989906,115,35589,,,
0.024698365479707718,115,35590,,,
0.004407905507832766,115,35591,,,
0.04433196783065796,115,35592,,,
0.005436366889625788,115,35593,,,
0.018785608932375908,115,35594,,,
0.006904656533151865,115,35595,,,
0.01869564689695835,115,35596,,,
0.03485867381095886,115,35597,,,
0.02018091455101967,115,35598,,,
0.005963693372905254,115,35599,,,
0.015035660937428474,115,35600,,,
0.007258640602231026,115,35601,,,
0.004020454362034798,115,35602,,,
0.020755214616656303,115,35603,,,
0.03230011463165283,115,35604,,,
0.040558330714702606,115,35605,,,
0.027788612991571426,115,35606,,,
0.001926739583723247,115,35607,,,
0.01500636525452137,115,35608,,,
0.055749326944351196,115,35609,,,
0.061879418790340424,115,35610,,,
0.009883951395750046,115,35611,,,
0.010207339189946651,115,35612,,,
0.011724550276994705,115,35613,,,
0.027350712567567825,115,35614,,,
0.004025965463370085,115,35615,,,
0.023179540410637856,115,35616,,,
0.014839853160083294,115,35617,,,
0.009966664016246796,115,35618,,,
0.022874828428030014,115,35619,,,
0.02995530515909195,115,35620,,,
0.021542899310588837,115,35621,,,
0.004099637735635042,115,35622,,,
0.008831389248371124,115,35623,,,
0.014821289107203484,115,35624,,,
0.021707508713006973,115,35625,,,
0.017658332362771034,115,35626,,,
0.016031930223107338,115,35627,,,
0.034812070429325104,115,35628,,,
0.020985223352909088,115,35629,,,
0.01811661198735237,115,35630,,,
0.0161852166056633,115,35631,,,
0.016011644154787064,115,35632,,,
0.02752966806292534,115,35633,,,
0.017490126192569733,115,35634,,,
0.000285411806544289,115,35635,,,
0.021121861413121223,115,35636,,,
0.013588222675025463,115,35637,,,
0.00838354043662548,115,35638,,,
0.010951129719614983,115,35639,,,
0.016930652782320976,115,35640,,,
0.014914051629602909,115,35641,,,
0.010298220440745354,115,35642,,,
0.014570441097021103,115,35643,,,
0.00525330938398838,115,35644,,,
0.004382866434752941,115,35645,,,
0.007522030267864466,115,35646,,,
0.014552455395460129,115,35647,,,
0.005914621986448765,115,35648,,,
0.03900318220257759,115,35649,,,
0.01742074079811573,115,35650,,,
0.008464648388326168,115,35651,,,
0.0059846849180758,115,35652,,,
0.0221013855189085,115,35653,,,
0.021966123953461647,115,35654,,,
0.016890620812773705,115,35655,,,
0.023410595953464508,115,35656,,,
0.004588201642036438,115,35657,,,
0.023858895525336266,115,35658,,,
0.010527094826102257,115,35659,,,
0.008950023911893368,115,35660,,,
0.010915668681263924,115,35661,,,
0.030705485492944717,115,35662,,,
0.008113103918731213,115,35663,,,
0.010638291016221046,115,35664,,,
0.0160289965569973,115,35665,,,
0.04467889666557312,115,35666,,,
0.055285532027482986,115,35667,,,
0.014337016269564629,115,35668,,,
0.008950484916567802,115,35669,,,
0.011403963901102543,115,35670,,,
0.015128545463085175,115,35671,,,
0.0060392022132873535,115,35672,,,
0.031816303730010986,115,35673,,,
0.03484511747956276,115,35674,,,
0.01145533099770546,115,35675,,,
0.011208223178982735,115,35676,,,
0.01547256950289011,115,35677,,,
0.014365281909704208,115,35678,,,
0.013096371665596962,115,35679,,,
0.019273078069090843,115,35680,,,
0.010028313845396042,115,35681,,,
0.010185813531279564,115,35682,,,
0.006992144510149956,115,35683,,,
0.003658376168459654,115,35684,,,
0.007013630587607622,115,35685,,,
0.005742196459323168,115,35686,,,
0.03171391412615776,115,35687,,,
0.03192862495779991,115,35688,,,
0.0173674114048481,115,35689,,,
0.008461708202958107,115,35690,,,
0.012057388201355934,115,35691,,,
0.03153558075428009,115,35692,,,
0.008142098784446716,115,35693,,,
0.0026947720907628536,115,35694,,,
0.004694963805377483,115,35695,,,
0.011283104307949543,115,35696,,,
0.025527510792016983,115,35697,,,
0.011861489154398441,115,35698,,,
0.005863243248313665,115,35699,,,
0.040474291890859604,115,35700,,,
0.030169915407896042,115,35701,,,
0.011580963619053364,115,35702,,,
0.019231043756008148,115,35703,,,
0.024063866585493088,115,35704,,,
0.008850932121276855,115,35705,,,
0.004188096150755882,115,35706,,,
0.010360225103795528,115,35707,,,
0.006461174227297306,115,35708,,,
0.01011350005865097,115,35709,,,
0.10096964240074158,115,35710,,,
0.015606570057570934,115,35711,,,
0.013005527667701244,115,35712,,,
0.011149740777909756,115,35713,,,
0.019648708403110504,115,35714,,,
0.013921517878770828,115,35715,,,
0.012109961360692978,115,35716,,,
0.030131658539175987,115,35717,,,
0.025790715590119362,115,35718,,,
0.008485585451126099,115,35719,,,
0.02621394209563732,115,35720,,,
0.018810709938406944,115,35721,,,
0.007313570939004421,115,35722,,,
0.009805953130126,115,35723,,,
0.011552555486559868,115,35724,,,
0.00883646309375763,115,35725,,,
0.0309113971889019,115,35726,,,
0.02429734170436859,115,35727,,,
0.011500627733767033,115,35728,,,
0.012965606525540352,116,35729,,,
0.012992197647690773,116,35730,,,
0.01914152130484581,116,35731,,,
0.016276180744171143,116,35732,,,
0.01072079036384821,116,35733,,,
0.0077633727341890335,116,35734,,,
0.014748025685548782,116,35735,,,
0.022118384018540382,116,35736,,,
0.010132243856787682,116,35737,,,
0.009996751323342323,116,35738,,,
0.04854925721883774,116,35739,,,
0.014035079628229141,116,35740,,,
0.029578473418951035,116,35741,,,
0.024507783353328705,116,35742,,,
0.011963700875639915,116,35743,,,
0.016638999804854393,116,35744,,,
0.007615452632308006,116,35745,,,
0.004994766321033239,116,35746,,,
0.0032052271999418736,116,35747,,,
0.011122629046440125,116,35748,,,
0.009775549173355103,116,35749,,,
0.0034431740641593933,116,35750,,,
0.012920793145895004,116,35751,,,
0.008360473439097404,116,35752,,,
0.01427442580461502,116,35753,,,
0.01076924242079258,116,35754,,,
0.006932283751666546,116,35755,,,
0.019021334126591682,116,35756,,,
0.009303630329668522,116,35757,,,
0.02270679920911789,116,35758,,,
0.003146594623103738,116,35759,,,
0.028826098889112473,116,35760,,,
0.013918508775532246,116,35761,,,
0.012541305273771286,116,35762,,,
0.005152134224772453,116,35763,,,
0.0033945892937481403,116,35764,,,
0.008198038674890995,116,35765,,,
0.024383436888456345,116,35766,,,
0.02349858731031418,116,35767,,,
0.0026649958454072475,116,35768,,,
0.009399599395692348,116,35769,,,
0.05465463176369667,116,35770,,,
0.03137190639972687,116,35771,,,
0.005105361342430115,116,35772,,,
0.010813509114086628,116,35773,,,
0.00937141478061676,116,35774,,,
0.03694692626595497,116,35775,,,
0.010118119418621063,116,35776,,,
0.032321393489837646,116,35777,,,
0.008130759932100773,116,35778,,,
0.03605238348245621,116,35779,,,
0.010310010984539986,116,35780,,,
0.017008034512400627,116,35781,,,
0.008036541752517223,116,35782,,,
0.0078049395233392715,116,35783,,,
0.014580071903765202,116,35784,,,
0.011473290622234344,116,35785,,,
0.006185567006468773,116,35786,,,
0.005648678168654442,116,35787,,,
0.004253457300364971,116,35788,,,
0.009665454737842083,116,35789,,,
0.012136119417846203,116,35790,,,
0.013343815691769123,116,35791,,,
0.03493940457701683,116,35792,,,
0.005854249931871891,116,35793,,,
0.008709588088095188,116,35794,,,
0.0029670302756130695,116,35795,,,
0.014256628230214119,116,35796,,,
0.02743282914161682,116,35797,,,
0.015691518783569336,116,35798,,,
0.008410790003836155,116,35799,,,
0.02204623445868492,116,35800,,,
0.022677669301629066,116,35801,,,
0.009680482558906078,116,35802,,,
0.016915032640099525,116,35803,,,
0.007359623908996582,116,35804,,,
0.011305482126772404,116,35805,,,
0.011212440207600594,116,35806,,,
0.009838534519076347,116,35807,,,
0.007321087643504143,116,35808,,,
0.020007338374853134,116,35809,,,
0.027492912486195564,116,35810,,,
0.06772738695144653,116,35811,,,
0.023403996601700783,116,35812,,,
0.022265737876296043,116,35813,,,
0.028114425018429756,116,35814,,,
0.009753424674272537,116,35815,,,
0.018219102174043655,116,35816,,,
0.02021803706884384,116,35817,,,
0.025798600167036057,116,35818,,,
0.016194365918636322,116,35819,,,
0.00585807953029871,116,35820,,,
0.0067520542070269585,116,35821,,,
0.013032474555075169,116,35822,,,
0.012753968127071857,116,35823,,,
0.016399208456277847,116,35824,,,
0.01367835234850645,116,35825,,,
0.007718798704445362,116,35826,,,
0.008293896913528442,116,35827,,,
0.0110102454200387,116,35828,,,
0.02187461405992508,116,35829,,,
0.02269912324845791,116,35830,,,
0.006115525960922241,116,35831,,,
0.02582346647977829,116,35832,,,
0.027844231575727463,116,35833,,,
0.006533857900649309,116,35834,,,
0.006069293711334467,116,35835,,,
0.007352345623075962,116,35836,,,
0.0012499388540163636,116,35837,,,
0.024481356143951416,116,35838,,,
0.0189728531986475,116,35839,,,
0.01851636916399002,116,35840,,,
0.03855723887681961,116,35841,,,
0.012227402999997139,116,35842,,,
0.0061451829969882965,116,35843,,,
0.01757703721523285,116,35844,,,
0.02663349360227585,116,35845,,,
0.015045617707073689,116,35846,,,
0.014669104479253292,116,35847,,,
0.005241864826530218,116,35848,,,
0.0072122495621442795,116,35849,,,
0.010835225693881512,116,35850,,,
0.02575584687292576,116,35851,,,
0.011009057983756065,116,35852,,,
0.01921389251947403,116,35853,,,
0.007641900330781937,116,35854,,,
0.004607598762959242,116,35855,,,
0.003283055266365409,116,35856,,,
0.01882854662835598,116,35857,,,
0.012260318733751774,116,35858,,,
0.0044219945557415485,116,35859,,,
0.015375381335616112,116,35860,,,
0.011272938922047615,116,35861,,,
0.007098722737282515,116,35862,,,
0.006562619935721159,116,35863,,,
0.01661016047000885,116,35864,,,
0.032913632690906525,116,35865,,,
0.012456624768674374,116,35866,,,
0.016843559220433235,116,35867,,,
0.008719095960259438,116,35868,,,
0.005227568559348583,116,35869,,,
0.029368681833148003,116,35870,,,
0.010381491854786873,116,35871,,,
0.011579998768866062,116,35872,,,
0.005235196556895971,116,35873,,,
0.013300536200404167,116,35874,,,
0.005504688248038292,116,35875,,,
0.010752016678452492,116,35876,,,
0.011898508295416832,116,35877,,,
0.01933833584189415,116,35878,,,
0.10569392889738083,116,35879,,,
0.004053107928484678,116,35880,,,
0.020233364775776863,116,35881,,,
0.011721819639205933,116,35882,,,
0.004027904476970434,116,35883,,,
0.00855135265737772,116,35884,,,
0.002887970767915249,116,35885,,,
0.009089069440960884,116,35886,,,
0.027684763073921204,116,35887,,,
0.0238961149007082,116,35888,,,
0.013021470047533512,116,35889,,,
0.039392564445734024,116,35890,,,
0.013501601293683052,116,35891,,,
0.002861000131815672,116,35892,,,
0.010754894465208054,116,35893,,,
0.008197380229830742,116,35894,,,
0.07537894695997238,116,35895,,,
0.012346128933131695,116,35896,,,
0.008250278420746326,116,35897,,,
0.014290858060121536,116,35898,,,
0.010026229545474052,116,35899,,,
0.00395176513120532,116,35900,,,
0.04513801634311676,116,35901,,,
0.05252610892057419,116,35902,,,
0.016863081604242325,116,35903,,,
0.02135818637907505,116,35904,,,
0.019025761634111404,116,35905,,,
0.003223827574402094,116,35906,,,
0.007713950704783201,116,35907,,,
0.009353254921734333,116,35908,,,
0.009142096154391766,116,35909,,,
0.010546375997364521,116,35910,,,
0.017049424350261688,116,35911,,,
0.019555192440748215,116,35912,,,
0.011896450072526932,116,35913,,,
0.014847155660390854,116,35914,,,
0.009063812904059887,116,35915,,,
0.018655449151992798,116,35916,,,
0.020577359944581985,116,35917,,,
0.07969608902931213,116,35918,,,
0.013715915381908417,116,35919,,,
0.02213568240404129,116,35920,,,
0.022329896688461304,116,35921,,,
0.03308897465467453,116,35922,,,
0.01728907600045204,116,35923,,,
0.02851599082350731,116,35924,,,
0.016569729894399643,116,35925,,,
0.02127476967871189,116,35926,,,
0.024529483169317245,116,35927,,,
0.013940811157226562,116,35928,,,
0.012421665713191032,116,35929,,,
0.009998420253396034,116,35930,,,
0.037472110241651535,116,35931,,,
0.008671881631016731,116,35932,,,
0.012646878138184547,116,35933,,,
0.018835067749023438,116,35934,,,
0.04312339425086975,116,35935,,,
0.008144352585077286,116,35936,,,
0.018911726772785187,116,35937,,,
0.00418818648904562,116,35938,,,
0.015013241209089756,116,35939,,,
0.010990330949425697,116,35940,,,
0.011816924437880516,116,35941,,,
0.008638034574687481,116,35942,,,
0.00739851500838995,116,35943,,,
0.013316979631781578,116,35944,,,
0.021305937319993973,116,35945,,,
0.008979561738669872,116,35946,,,
0.011998619884252548,116,35947,,,
0.01151173748075962,116,35948,,,
0.03533435985445976,116,35949,,,
0.03759608790278435,116,35950,,,
0.006421541795134544,116,35951,,,
0.015017169527709484,116,35952,,,
0.031656425446271896,116,35953,,,
0.028411881998181343,116,35954,,,
0.003038746304810047,116,35955,,,
0.03787451237440109,116,35956,,,
0.0256307702511549,116,35957,,,
0.025377847254276276,116,35958,,,
0.009239024482667446,116,35959,,,
0.010221678763628006,116,35960,,,
0.027557987719774246,116,35961,,,
0.01830676943063736,116,35962,,,
0.010320470668375492,116,35963,,,
0.02844061329960823,116,35964,,,
0.02322256565093994,116,35965,,,
0.020537814125418663,116,35966,,,
0.033990442752838135,116,35967,,,
0.007434809114784002,116,35968,,,
0.015627866610884666,116,35969,,,
0.0140622453764081,116,35970,,,
0.006805434823036194,116,35971,,,
0.003934970125555992,116,35972,,,
0.03568589687347412,116,35973,,,
0.03239428624510765,116,35974,,,
0.036410994827747345,116,35975,,,
0.04548513516783714,116,35976,,,
0.015945015475153923,116,35977,,,
0.017524562776088715,116,35978,,,
0.00966731458902359,116,35979,,,
0.01532764546573162,116,35980,,,
0.019749727100133896,116,35981,,,
0.022765357047319412,116,35982,,,
0.0052568381652235985,116,35983,,,
0.04732922464609146,116,35984,,,
0.01534778531640768,116,35985,,,
0.007777944207191467,116,35986,,,
0.004494806751608849,116,35987,,,
0.01613377220928669,116,35988,,,
0.026081489399075508,116,35989,,,
0.010488590225577354,116,35990,,,
0.014867600053548813,116,35991,,,
0.020645132288336754,116,35992,,,
0.054165974259376526,116,35993,,,
0.04401202127337456,116,35994,,,
0.02161445841193199,116,35995,,,
0.014938151463866234,116,35996,,,
0.0043938662856817245,116,35997,,,
0.010738633573055267,116,35998,,,
0.019009709358215332,116,35999,,,
0.013247733935713768,116,36000,,,
0.04459720104932785,116,36001,,,
0.0212094783782959,116,36002,,,
0.016084011644124985,116,36003,,,
0.003011366119608283,116,36004,,,
0.009672331623733044,116,36005,,,
0.008331511169672012,116,36006,,,
0.023775778710842133,116,36007,,,
0.010358104482293129,116,36008,,,
0.022480539977550507,116,36009,,,
0.02766181156039238,116,36010,,,
0.0032083685509860516,116,36011,,,
0.041526347398757935,116,36012,,,
0.03500880300998688,116,36013,,,
0.003042294643819332,116,36014,,,
0.013152600266039371,116,36015,,,
0.0009519461309537292,116,36016,,,
0.009345092810690403,116,36017,,,
0.006629268638789654,116,36018,,,
0.023350998759269714,116,36019,,,
0.011576397344470024,116,36020,,,
0.04528215900063515,116,36021,,,
0.007708373479545116,116,36022,,,
0.02950962446630001,116,36023,,,
0.015020078048110008,116,36024,,,
0.002885000081732869,116,36025,,,
0.02601753920316696,116,36026,,,
0.02628929167985916,116,36027,,,
0.01552171353250742,116,36028,,,
0.025406431406736374,116,36029,,,
0.03713008761405945,116,36030,,,
0.026683617383241653,116,36031,,,
0.030635861679911613,116,36032,,,
0.012366649694740772,116,36033,,,
0.012663613073527813,116,36034,,,
0.011089835315942764,117,36035,,,
0.01220890786498785,117,36036,,,
0.003514498006552458,117,36037,,,
0.012687311507761478,117,36038,,,
0.0061605810187757015,117,36039,,,
0.009603884071111679,117,36040,,,
0.03237969055771828,117,36041,,,
0.006395755335688591,117,36042,,,
0.02682489901781082,117,36043,,,
0.027679309248924255,117,36044,,,
0.01855465956032276,117,36045,,,
0.0065099941566586494,117,36046,,,
0.014328578487038612,117,36047,,,
0.022850029170513153,117,36048,,,
0.011503584682941437,117,36049,,,
0.053346969187259674,117,36050,,,
0.009854361414909363,117,36051,,,
0.014846155419945717,117,36052,,,
0.013506810180842876,117,36053,,,
0.014086729846894741,117,36054,,,
0.010357893072068691,117,36055,,,
0.029338214546442032,117,36056,,,
0.024191005155444145,117,36057,,,
0.010577492415904999,117,36058,,,
0.011085467413067818,117,36059,,,
0.007365063764154911,117,36060,,,
0.012757204473018646,117,36061,,,
0.018220219761133194,117,36062,,,
0.021832283586263657,117,36063,,,
0.028007738292217255,117,36064,,,
0.016924841329455376,117,36065,,,
0.007836425676941872,117,36066,,,
0.00785038247704506,117,36067,,,
0.008338473737239838,117,36068,,,
0.007361225783824921,117,36069,,,
0.014656146988272667,117,36070,,,
0.01829506643116474,117,36071,,,
0.00763271888718009,117,36072,,,
0.013964887708425522,117,36073,,,
0.008961648680269718,117,36074,,,
0.00532967783510685,117,36075,,,
0.008065389469265938,117,36076,,,
0.002959094475954771,117,36077,,,
0.013581221923232079,117,36078,,,
0.006888030096888542,117,36079,,,
0.0033678673207759857,117,36080,,,
0.02223961614072323,117,36081,,,
0.022820625454187393,117,36082,,,
0.021723978221416473,117,36083,,,
0.0025466149672865868,117,36084,,,
0.020096514374017715,117,36085,,,
0.022028684616088867,117,36086,,,
0.0071061234921216965,117,36087,,,
0.006763901561498642,117,36088,,,
0.014864994212985039,117,36089,,,
0.01694852113723755,117,36090,,,
0.014956892468035221,117,36091,,,
0.019367732107639313,117,36092,,,
0.01168844848871231,117,36093,,,
0.015689123421907425,117,36094,,,
0.014842158183455467,117,36095,,,
0.011339383199810982,117,36096,,,
0.006953782867640257,117,36097,,,
0.015068072825670242,117,36098,,,
0.013916014693677425,117,36099,,,
0.0120445117354393,117,36100,,,
0.0205999743193388,117,36101,,,
0.024860583245754242,117,36102,,,
0.010284621268510818,117,36103,,,
0.013712343759834766,117,36104,,,
0.10439707338809967,117,36105,,,
0.01365712471306324,117,36106,,,
0.022476550191640854,117,36107,,,
0.006447200663387775,117,36108,,,
0.01994263008236885,117,36109,,,
0.011723699979484081,117,36110,,,
0.014579609036445618,117,36111,,,
0.0093010775744915,117,36112,,,
0.02731790393590927,117,36113,,,
0.01172808650881052,117,36114,,,
0.012482529506087303,117,36115,,,
0.02295074611902237,117,36116,,,
0.03172837942838669,117,36117,,,
0.019442573189735413,117,36118,,,
0.014310874044895172,117,36119,,,
0.009782064706087112,117,36120,,,
0.017736710608005524,117,36121,,,
0.03281832113862038,117,36122,,,
0.021814148873090744,117,36123,,,
0.08293219655752182,117,36124,,,
0.025585543364286423,117,36125,,,
0.01258671935647726,117,36126,,,
0.021756699308753014,117,36127,,,
0.0030259292107075453,117,36128,,,
0.013211733661592007,117,36129,,,
0.016353938728570938,117,36130,,,
0.01051501277834177,117,36131,,,
0.020998353138566017,117,36132,,,
0.007897395640611649,117,36133,,,
0.020724626258015633,117,36134,,,
0.007706114090979099,117,36135,,,
0.005871931090950966,117,36136,,,
0.049859896302223206,117,36137,,,
